0,1,0
12.5,1,0
25,1,0
37.5,1,0
50,-1,0
62.5,-1,0
75,-1,0
87.5,-1,0
100,1,0
112.5,1,0
125,1,0
137.5,1,0
150,-1,0
162.5,-1,0
175,-1,0
187.5,-1,0
200,1,0
212.5,1,0
225,1,0
237.5,1,0
250,-1,0
262.5,-1,0
275,-1,0
287.5,-1,0
300,1,0
312.5,1,0
325,1,0
337.5,1,0
350,-1,0
362.5,-1,0
375,-1,0
387.5,-1,0
400,1,0
412.5,1,0
425,1,0
437.5,1,0
450,-1,0
462.5,-1,0
475,-1,0
487.5,-1,0
500,1,0
512.5,1,0
525,1,0
537.5,1,0
550,1,0
562.5,1,0
575,1,0
587.5,1,0
600,1,0
612.5,1,0
625,1,0
637.5,1,0
650,-1,0
662.5,-1,0
675,-1,0
687.5,-1,0
700,1,0
712.5,1,0
725,1,0
737.5,1,0
750,1,0
762.5,1,0
775,1,0
787.5,1,0
800,-1,0
812.5,-1,0
825,-1,0
837.5,-1,0
850,-1,0
862.5,-1,0
875,-1,0
887.5,-1,0
900,-1,0
912.5,-1,0
925,-1,0
937.5,-1,0
950,-1,0
962.5,-1,0
975,-1,0
987.5,-1,0
1000,1,0
1012.5,1,0
1025,1,0
1037.5,1,0
1050,-1,0
1062.5,-1,0
1075,-1,0
1087.5,-1,0
1100,-1,0
1112.5,-1,0
1125,-1,0
1137.5,-1,0
1150,1,0
1162.5,1,0
1175,1,0
1187.5,1,0
1200,1,0
1212.5,1,0
1225,1,0
1237.5,1,0
1250,-1,0
1262.5,-1,0
1275,-1,0
1287.5,-1,0
1300,1,0
1312.5,1,0
1325,1,0
1337.5,1,0
1350,1,0
1362.5,1,0
1375,1,0
1387.5,1,0
1400,-1,0
1412.5,-1,0
1425,-1,0
1437.5,-1,0
1450,1,0
1462.5,1,0
1475,1,0
1487.5,1,0
1500,1,0
1512.5,1,0
1525,1,0
1537.5,1,0
1550,1,0
1562.5,1,0
1575,1,0
1587.5,1,0
1600,-1,0
1612.5,-1,0
1625,-1,0
1637.5,-1,0
1650,-1,0
1662.5,-1,0
1675,-1,0
1687.5,-1,0
1700,-1,0
1712.5,-1,0
1725,-1,0
1737.5,-1,0
1750,-1,0
1762.5,-1,0
1775,-1,0
1787.5,-1,0
1800,-1,0
1812.5,-1,0
1825,-1,0
1837.5,-1,0
1850,1,0
1862.5,1,0
1875,1,0
1887.5,1,0
1900,1,0
1912.5,1,0
1925,1,0
1937.5,1,0
1950,1,0
1962.5,1,0
1975,1,0
1987.5,1,0
2000,1,0
2012.5,1,0
2025,1,0
2037.5,1,0
2050,1,0
2062.5,1,0
2075,1,0
2087.5,1,0
2100,-1,0
2112.5,-1,0
2125,-1,0
2137.5,-1,0
2150,1,0
2162.5,1,0
2175,1,0
2187.5,1,0
2200,-1,0
2212.5,-1,0
2225,-1,0
2237.5,-1,0
2250,-1,0
2262.5,-1,0
2275,-1,0
2287.5,-1,0
2300,1,0
2312.5,1,0
2325,1,0
2337.5,1,0
2350,-1,0
2362.5,-1,0
2375,-1,0
2387.5,-1,0
2400,1,0
2412.5,1,0
2425,1,0
2437.5,1,0
2450,1,0
2462.5,1,0
2475,1,0
2487.5,1,0
2500,1,0
2512.5,1,0
2525,1,0
2537.5,1,0
2550,1,0
2562.5,1,0
2575,1,0
2587.5,1,0
2600,1,0
2612.5,1,0
2625,1,0
2637.5,1,0
2650,1,0
2662.5,1,0
2675,1,0
2687.5,1,0
2700,1,0
2712.5,1,0
2725,1,0
2737.5,1,0
2750,1,0
2762.5,1,0
2775,1,0
2787.5,1,0
2800,-1,0
2812.5,-1,0
2825,-1,0
2837.5,-1,0
2850,1,0
2862.5,1,0
2875,1,0
2887.5,1,0
2900,1,0
2912.5,1,0
2925,1,0
2937.5,1,0
2950,1,0
2962.5,1,0
2975,1,0
2987.5,1,0
3000,1,0
3012.5,1,0
3025,1,0
3037.5,1,0
3050,-1,0
3062.5,-1,0
3075,-1,0
3087.5,-1,0
3100,1,0
3112.5,1,0
3125,1,0
3137.5,1,0
3150,-1,0
3162.5,-1,0
3175,-1,0
3187.5,-1,0
3200,-1,0
3212.5,-1,0
3225,-1,0
3237.5,-1,0
3250,-1,0
3262.5,-1,0
3275,-1,0
3287.5,-1,0
3300,1,0
3312.5,1,0
3325,1,0
3337.5,1,0
3350,1,0
3362.5,1,0
3375,1,0
3387.5,1,0
3400,-1,0
3412.5,-1,0
3425,-1,0
3437.5,-1,0
3450,1,0
3462.5,1,0
3475,1,0
3487.5,1,0
3500,1,0
3512.5,1,0
3525,1,0
3537.5,1,0
3550,-1,0
3562.5,-1,0
3575,-1,0
3587.5,-1,0
3600,1,0
3612.5,1,0
3625,1,0
3637.5,1,0
3650,-1,0
3662.5,-1,0
3675,-1,0
3687.5,-1,0
3700,-1,0
3712.5,-1,0
3725,-1,0
3737.5,-1,0
3750,1,0
3762.5,1,0
3775,1,0
3787.5,1,0
3800,1,0
3812.5,1,0
3825,1,0
3837.5,1,0
3850,1,0
3862.5,1,0
3875,1,0
3887.5,1,0
3900,-1,0
3912.5,-1,0
3925,-1,0
3937.5,-1,0
3950,-1,0
3962.5,-1,0
3975,-1,0
3987.5,-1,0
4000,-1,0
4012.5,-1,0
4025,-1,0
4037.5,-1,0
4050,1,0
4062.5,1,0
4075,1,0
4087.5,1,0
4100,-1,0
4112.5,-1,0
4125,-1,0
4137.5,-1,0
4150,-1,0
4162.5,-1,0
4175,-1,0
4187.5,-1,0
4200,-1,0
4212.5,-1,0
4225,-1,0
4237.5,-1,0
4250,-1,0
4262.5,-1,0
4275,-1,0
4287.5,-1,0
4300,1,0
4312.5,1,0
4325,1,0
4337.5,1,0
4350,-1,0
4362.5,-1,0
4375,-1,0
4387.5,-1,0
4400,1,0
4412.5,1,0
4425,1,0
4437.5,1,0
4450,-1,0
4462.5,-1,0
4475,-1,0
4487.5,-1,0
4500,-1,0
4512.5,-1,0
4525,-1,0
4537.5,-1,0
4550,-1,0
4562.5,-1,0
4575,-1,0
4587.5,-1,0
4600,-1,0
4612.5,-1,0
4625,-1,0
4637.5,-1,0
4650,-1,0
4662.5,-1,0
4675,-1,0
4687.5,-1,0
4700,-1,0
4712.5,-1,0
4725,-1,0
4737.5,-1,0
4750,1,0
4762.5,1,0
4775,1,0
4787.5,1,0
4800,-1,0
4812.5,-1,0
4825,-1,0
4837.5,-1,0
4850,1,0
4862.5,1,0
4875,1,0
4887.5,1,0
4900,1,0
4912.5,1,0
4925,1,0
4937.5,1,0
4950,1,0
4962.5,1,0
4975,1,0
4987.5,1,0
5000,1,0
5012.5,1,0
5025,1,0
5037.5,1,0
5050,-1,0
5062.5,-1,0
5075,-1,0
5087.5,-1,0
5100,1,0
5112.5,1,0
5125,1,0
5137.5,1,0
5150,1,0
5162.5,1,0
5175,1,0
5187.5,1,0
5200,1,0
5212.5,1,0
5225,1,0
5237.5,1,0
5250,-1,0
5262.5,-1,0
5275,-1,0
5287.5,-1,0
5300,-1,0
5312.5,-1,0
5325,-1,0
5337.5,-1,0
5350,1,0
5362.5,1,0
5375,1,0
5387.5,1,0
5400,-1,0
5412.5,-1,0
5425,-1,0
5437.5,-1,0
5450,-1,0
5462.5,-1,0
5475,-1,0
5487.5,-1,0
5500,1,0
5512.5,1,0
5525,1,0
5537.5,1,0
5550,1,0
5562.5,1,0
5575,1,0
5587.5,1,0
5600,-1,0
5612.5,-1,0
5625,-1,0
5637.5,-1,0
5650,1,0
5662.5,1,0
5675,1,0
5687.5,1,0
5700,-1,0
5712.5,-1,0
5725,-1,0
5737.5,-1,0
5750,1,0
5762.5,1,0
5775,1,0
5787.5,1,0
5800,-1,0
5812.5,-1,0
5825,-1,0
5837.5,-1,0
5850,-1,0
5862.5,-1,0
5875,-1,0
5887.5,-1,0
5900,-1,0
5912.5,-1,0
5925,-1,0
5937.5,-1,0
5950,-1,0
5962.5,-1,0
5975,-1,0
5987.5,-1,0
6000,-1,0
6012.5,-1,0
6025,-1,0
6037.5,-1,0
6050,1,0
6062.5,1,0
6075,1,0
6087.5,1,0
6100,-1,0
6112.5,-1,0
6125,-1,0
6137.5,-1,0
6150,1,0
6162.5,1,0
6175,1,0
6187.5,1,0
6200,-1,0
6212.5,-1,0
6225,-1,0
6237.5,-1,0
6250,-1,0
6262.5,-1,0
6275,-1,0
6287.5,-1,0
6300,1,0
6312.5,1,0
6325,1,0
6337.5,1,0
6350,1,0
6362.5,1,0
6375,1,0
6387.5,1,0
6400,1,0
6412.5,1,0
6425,1,0
6437.5,1,0
6450,1,0
6462.5,1,0
6475,1,0
6487.5,1,0
6500,-1,0
6512.5,-1,0
6525,-1,0
6537.5,-1,0
6550,-1,0
6562.5,-1,0
6575,-1,0
6587.5,-1,0
6600,1,0
6612.5,1,0
6625,1,0
6637.5,1,0
6650,-1,0
6662.5,-1,0
6675,-1,0
6687.5,-1,0
6700,1,0
6712.5,1,0
6725,1,0
6737.5,1,0
6750,-1,0
6762.5,-1,0
6775,-1,0
6787.5,-1,0
6800,1,0
6812.5,1,0
6825,1,0
6837.5,1,0
6850,-1,0
6862.5,-1,0
6875,-1,0
6887.5,-1,0
6900,1,0
6912.5,1,0
6925,1,0
6937.5,1,0
6950,1,0
6962.5,1,0
6975,1,0
6987.5,1,0
7000,-1,0
7012.5,-1,0
7025,-1,0
7037.5,-1,0
7050,1,0
7062.5,1,0
7075,1,0
7087.5,1,0
7100,-1,0
7112.5,-1,0
7125,-1,0
7137.5,-1,0
7150,-1,0
7162.5,-1,0
7175,-1,0
7187.5,-1,0
7200,1,0
7212.5,1,0
7225,1,0
7237.5,1,0
7250,-1,0
7262.5,-1,0
7275,-1,0
7287.5,-1,0
7300,-1,0
7312.5,-1,0
7325,-1,0
7337.5,-1,0
7350,1,0
7362.5,1,0
7375,1,0
7387.5,1,0
7400,1,0
7412.5,1,0
7425,1,0
7437.5,1,0
7450,1,0
7462.5,1,0
7475,1,0
7487.5,1,0
7500,1,0
7512.5,1,0
7525,1,0
7537.5,1,0
7550,-1,0
7562.5,-1,0
7575,-1,0
7587.5,-1,0
7600,1,0
7612.5,1,0
7625,1,0
7637.5,1,0
7650,-1,0
7662.5,-1,0
7675,-1,0
7687.5,-1,0
7700,1,0
7712.5,1,0
7725,1,0
7737.5,1,0
7750,-1,0
7762.5,-1,0
7775,-1,0
7787.5,-1,0
7800,1,0
7812.5,1,0
7825,1,0
7837.5,1,0
7850,1,0
7862.5,1,0
7875,1,0
7887.5,1,0
7900,-1,0
7912.5,-1,0
7925,-1,0
7937.5,-1,0
7950,-1,0
7962.5,-1,0
7975,-1,0
7987.5,-1,0
8000,1,0
8012.5,1,0
8025,1,0
8037.5,1,0
8050,1,0
8062.5,1,0
8075,1,0
8087.5,1,0
8100,-1,0
8112.5,-1,0
8125,-1,0
8137.5,-1,0
8150,1,0
8162.5,1,0
8175,1,0
8187.5,1,0
8200,-1,0
8212.5,-1,0
8225,-1,0
8237.5,-1,0
8250,1,0
8262.5,1,0
8275,1,0
8287.5,1,0
8300,-1,0
8312.5,-1,0
8325,-1,0
8337.5,-1,0
8350,1,0
8362.5,1,0
8375,1,0
8387.5,1,0
8400,-1,0
8412.5,-1,0
8425,-1,0
8437.5,-1,0
8450,1,0
8462.5,1,0
8475,1,0
8487.5,1,0
8500,-1,0
8512.5,-1,0
8525,-1,0
8537.5,-1,0
8550,-1,0
8562.5,-1,0
8575,-1,0
8587.5,-1,0
8600,1,0
8612.5,1,0
8625,1,0
8637.5,1,0
8650,-1,0
8662.5,-1,0
8675,-1,0
8687.5,-1,0
8700,-1,0
8712.5,-1,0
8725,-1,0
8737.5,-1,0
8750,-1,0
8762.5,-1,0
8775,-1,0
8787.5,-1,0
8800,-1,0
8812.5,-1,0
8825,-1,0
8837.5,-1,0
8850,1,0
8862.5,1,0
8875,1,0
8887.5,1,0
8900,-1,0
8912.5,-1,0
8925,-1,0
8937.5,-1,0
8950,-1,0
8962.5,-1,0
8975,-1,0
8987.5,-1,0
9000,1,0
9012.5,1,0
9025,1,0
9037.5,1,0
9050,1,0
9062.5,1,0
9075,1,0
9087.5,1,0
9100,1,0
9112.5,1,0
9125,1,0
9137.5,1,0
9150,1,0
9162.5,1,0
9175,1,0
9187.5,1,0
9200,-1,0
9212.5,-1,0
9225,-1,0
9237.5,-1,0
9250,-1,0
9262.5,-1,0
9275,-1,0
9287.5,-1,0
9300,-1,0
9312.5,-1,0
9325,-1,0
9337.5,-1,0
9350,-1,0
9362.5,-1,0
9375,-1,0
9387.5,-1,0
9400,-1,0
9412.5,-1,0
9425,-1,0
9437.5,-1,0
9450,-1,0
9462.5,-1,0
9475,-1,0
9487.5,-1,0
9500,-1,0
9512.5,-1,0
9525,-1,0
9537.5,-1,0
9550,1,0
9562.5,1,0
9575,1,0
9587.5,1,0
9600,-1,0
9612.5,-1,0
9625,-1,0
9637.5,-1,0
9650,1,0
9662.5,1,0
9675,1,0
9687.5,1,0
9700,-1,0
9712.5,-1,0
9725,-1,0
9737.5,-1,0
9750,-1,0
9762.5,-1,0
9775,-1,0
9787.5,-1,0
9800,-1,0
9812.5,-1,0
9825,-1,0
9837.5,-1,0
9850,1,0
9862.5,1,0
9875,1,0
9887.5,1,0
9900,-1,0
9912.5,-1,0
9925,-1,0
9937.5,-1,0
9950,1,0
9962.5,1,0
9975,1,0
9987.5,1,0
10000,1,0
10012.5,1,0
10025,1,0
10037.5,1,0
10050,1,0
10062.5,1,0
10075,1,0
10087.5,1,0
10100,-1,0
10112.5,-1,0
10125,-1,0
10137.5,-1,0
10150,-1,0
10162.5,-1,0
10175,-1,0
10187.5,-1,0
10200,1,0
10212.5,1,0
10225,1,0
10237.5,1,0
10250,1,0
10262.5,1,0
10275,1,0
10287.5,1,0
10300,1,0
10312.5,1,0
10325,1,0
10337.5,1,0
10350,1,0
10362.5,1,0
10375,1,0
10387.5,1,0
10400,-1,0
10412.5,-1,0
10425,-1,0
10437.5,-1,0
10450,-1,0
10462.5,-1,0
10475,-1,0
10487.5,-1,0
10500,1,0
10512.5,1,0
10525,1,0
10537.5,1,0
10550,1,0
10562.5,1,0
10575,1,0
10587.5,1,0
10600,1,0
10612.5,1,0
10625,1,0
10637.5,1,0
10650,1,0
10662.5,1,0
10675,1,0
10687.5,1,0
10700,1,0
10712.5,1,0
10725,1,0
10737.5,1,0
10750,1,0
10762.5,1,0
10775,1,0
10787.5,1,0
10800,-1,0
10812.5,-1,0
10825,-1,0
10837.5,-1,0
10850,-1,0
10862.5,-1,0
10875,-1,0
10887.5,-1,0
10900,-1,0
10912.5,-1,0
10925,-1,0
10937.5,-1,0
10950,1,0
10962.5,1,0
10975,1,0
10987.5,1,0
11000,1,0
11012.5,1,0
11025,1,0
11037.5,1,0
11050,-1,0
11062.5,-1,0
11075,-1,0
11087.5,-1,0
11100,-1,0
11112.5,-1,0
11125,-1,0
11137.5,-1,0
11150,1,0
11162.5,1,0
11175,1,0
11187.5,1,0
11200,1,0
11212.5,1,0
11225,1,0
11237.5,1,0
11250,-1,0
11262.5,-1,0
11275,-1,0
11287.5,-1,0
11300,1,0
11312.5,1,0
11325,1,0
11337.5,1,0
11350,-1,0
11362.5,-1,0
11375,-1,0
11387.5,-1,0
11400,-1,0
11412.5,-1,0
11425,-1,0
11437.5,-1,0
11450,-1,0
11462.5,-1,0
11475,-1,0
11487.5,-1,0
11500,-1,0
11512.5,-1,0
11525,-1,0
11537.5,-1,0
11550,-1,0
11562.5,-1,0
11575,-1,0
11587.5,-1,0
11600,-1,0
11612.5,-1,0
11625,-1,0
11637.5,-1,0
11650,1,0
11662.5,1,0
11675,1,0
11687.5,1,0
11700,1,0
11712.5,1,0
11725,1,0
11737.5,1,0
11750,1,0
11762.5,1,0
11775,1,0
11787.5,1,0
11800,-1,0
11812.5,-1,0
11825,-1,0
11837.5,-1,0
11850,1,0
11862.5,1,0
11875,1,0
11887.5,1,0
11900,-1,0
11912.5,-1,0
11925,-1,0
11937.5,-1,0
11950,1,0
11962.5,1,0
11975,1,0
11987.5,1,0
12000,-1,0
12012.5,-1,0
12025,-1,0
12037.5,-1,0
12050,1,0
12062.5,1,0
12075,1,0
12087.5,1,0
12100,1,0
12112.5,1,0
12125,1,0
12137.5,1,0
12150,1,0
12162.5,1,0
12175,1,0
12187.5,1,0
12200,-1,0
12212.5,-1,0
12225,-1,0
12237.5,-1,0
12250,-1,0
12262.5,-1,0
12275,-1,0
12287.5,-1,0
12300,1,0
12312.5,1,0
12325,1,0
12337.5,1,0
12350,1,0
12362.5,1,0
12375,1,0
12387.5,1,0
12400,-1,0
12412.5,-1,0
12425,-1,0
12437.5,-1,0
12450,1,0
12462.5,1,0
12475,1,0
12487.5,1,0
12500,1,0
12512.5,1,0
12525,1,0
12537.5,1,0
12550,-1,0
12562.5,-1,0
12575,-1,0
12587.5,-1,0
12600,-1,0
12612.5,-1,0
12625,-1,0
12637.5,-1,0
12650,-1,0
12662.5,-1,0
12675,-1,0
12687.5,-1,0
12700,-1,0
12712.5,-1,0
12725,-1,0
12737.5,-1,0
12750,1,0
12762.5,1,0
12775,1,0
12787.5,1,0
12800,1,0
12812.5,1,0
12825,1,0
12837.5,1,0
12850,-1,0
12862.5,-1,0
12875,-1,0
12887.5,-1,0
12900,-1,0
12912.5,-1,0
12925,-1,0
12937.5,-1,0
12950,1,0
12962.5,1,0
12975,1,0
12987.5,1,0
13000,1,0
13012.5,1,0
13025,1,0
13037.5,1,0
13050,-1,0
13062.5,-1,0
13075,-1,0
13087.5,-1,0
13100,-1,0
13112.5,-1,0
13125,-1,0
13137.5,-1,0
13150,-1,0
13162.5,-1,0
13175,-1,0
13187.5,-1,0
13200,1,0
13212.5,1,0
13225,1,0
13237.5,1,0
13250,-1,0
13262.5,-1,0
13275,-1,0
13287.5,-1,0
13300,1,0
13312.5,1,0
13325,1,0
13337.5,1,0
13350,1,0
13362.5,1,0
13375,1,0
13387.5,1,0
13400,1,0
13412.5,1,0
13425,1,0
13437.5,1,0
13450,1,0
13462.5,1,0
13475,1,0
13487.5,1,0
13500,1,0
13512.5,1,0
13525,1,0
13537.5,1,0
13550,-1,0
13562.5,-1,0
13575,-1,0
13587.5,-1,0
13600,-1,0
13612.5,-1,0
13625,-1,0
13637.5,-1,0
13650,-1,0
13662.5,-1,0
13675,-1,0
13687.5,-1,0
13700,1,0
13712.5,1,0
13725,1,0
13737.5,1,0
13750,-1,0
13762.5,-1,0
13775,-1,0
13787.5,-1,0
13800,1,0
13812.5,1,0
13825,1,0
13837.5,1,0
13850,1,0
13862.5,1,0
13875,1,0
13887.5,1,0
13900,-1,0
13912.5,-1,0
13925,-1,0
13937.5,-1,0
13950,-1,0
13962.5,-1,0
13975,-1,0
13987.5,-1,0
14000,-1,0
14012.5,-1,0
14025,-1,0
14037.5,-1,0
14050,1,0
14062.5,1,0
14075,1,0
14087.5,1,0
14100,1,0
14112.5,1,0
14125,1,0
14137.5,1,0
14150,-1,0
14162.5,-1,0
14175,-1,0
14187.5,-1,0
14200,1,0
14212.5,1,0
14225,1,0
14237.5,1,0
14250,1,0
14262.5,1,0
14275,1,0
14287.5,1,0
14300,1,0
14312.5,1,0
14325,1,0
14337.5,1,0
14350,-1,0
14362.5,-1,0
14375,-1,0
14387.5,-1,0
14400,1,0
14412.5,1,0
14425,1,0
14437.5,1,0
14450,1,0
14462.5,1,0
14475,1,0
14487.5,1,0
14500,-1,0
14512.5,-1,0
14525,-1,0
14537.5,-1,0
14550,1,0
14562.5,1,0
14575,1,0
14587.5,1,0
14600,1,0
14612.5,1,0
14625,1,0
14637.5,1,0
14650,1,0
14662.5,1,0
14675,1,0
14687.5,1,0
14700,-1,0
14712.5,-1,0
14725,-1,0
14737.5,-1,0
14750,1,0
14762.5,1,0
14775,1,0
14787.5,1,0
14800,-1,0
14812.5,-1,0
14825,-1,0
14837.5,-1,0
14850,1,0
14862.5,1,0
14875,1,0
14887.5,1,0
14900,-1,0
14912.5,-1,0
14925,-1,0
14937.5,-1,0
14950,-1,0
14962.5,-1,0
14975,-1,0
14987.5,-1,0
15000,-1,0
15012.5,-1,0
15025,-1,0
15037.5,-1,0
15050,-1,0
15062.5,-1,0
15075,-1,0
15087.5,-1,0
15100,1,0
15112.5,1,0
15125,1,0
15137.5,1,0
15150,1,0
15162.5,1,0
15175,1,0
15187.5,1,0
15200,1,0
15212.5,1,0
15225,1,0
15237.5,1,0
15250,1,0
15262.5,1,0
15275,1,0
15287.5,1,0
15300,1,0
15312.5,1,0
15325,1,0
15337.5,1,0
15350,1,0
15362.5,1,0
15375,1,0
15387.5,1,0
15400,-1,0
15412.5,-1,0
15425,-1,0
15437.5,-1,0
15450,1,0
15462.5,1,0
15475,1,0
15487.5,1,0
15500,1,0
15512.5,1,0
15525,1,0
15537.5,1,0
15550,-1,0
15562.5,-1,0
15575,-1,0
15587.5,-1,0
15600,-1,0
15612.5,-1,0
15625,-1,0
15637.5,-1,0
15650,1,0
15662.5,1,0
15675,1,0
15687.5,1,0
15700,-1,0
15712.5,-1,0
15725,-1,0
15737.5,-1,0
15750,1,0
15762.5,1,0
15775,1,0
15787.5,1,0
15800,-1,0
15812.5,-1,0
15825,-1,0
15837.5,-1,0
15850,-1,0
15862.5,-1,0
15875,-1,0
15887.5,-1,0
15900,-1,0
15912.5,-1,0
15925,-1,0
15937.5,-1,0
15950,1,0
15962.5,1,0
15975,1,0
15987.5,1,0
16000,1,0
16012.5,1,0
16025,1,0
16037.5,1,0
16050,-1,0
16062.5,-1,0
16075,-1,0
16087.5,-1,0
16100,-1,0
16112.5,-1,0
16125,-1,0
16137.5,-1,0
16150,-1,0
16162.5,-1,0
16175,-1,0
16187.5,-1,0
16200,1,0
16212.5,1,0
16225,1,0
16237.5,1,0
16250,-1,0
16262.5,-1,0
16275,-1,0
16287.5,-1,0
16300,1,0
16312.5,1,0
16325,1,0
16337.5,1,0
16350,-1,0
16362.5,-1,0
16375,-1,0
16387.5,-1,0
16400,1,0
16412.5,1,0
16425,1,0
16437.5,1,0
16450,-1,0
16462.5,-1,0
16475,-1,0
16487.5,-1,0
16500,1,0
16512.5,1,0
16525,1,0
16537.5,1,0
16550,1,0
16562.5,1,0
16575,1,0
16587.5,1,0
16600,1,0
16612.5,1,0
16625,1,0
16637.5,1,0
16650,1,0
16662.5,1,0
16675,1,0
16687.5,1,0
16700,1,0
16712.5,1,0
16725,1,0
16737.5,1,0
16750,-1,0
16762.5,-1,0
16775,-1,0
16787.5,-1,0
16800,-1,0
16812.5,-1,0
16825,-1,0
16837.5,-1,0
16850,1,0
16862.5,1,0
16875,1,0
16887.5,1,0
16900,1,0
16912.5,1,0
16925,1,0
16937.5,1,0
16950,1,0
16962.5,1,0
16975,1,0
16987.5,1,0
17000,1,0
17012.5,1,0
17025,1,0
17037.5,1,0
17050,-1,0
17062.5,-1,0
17075,-1,0
17087.5,-1,0
17100,1,0
17112.5,1,0
17125,1,0
17137.5,1,0
17150,1,0
17162.5,1,0
17175,1,0
17187.5,1,0
17200,-1,0
17212.5,-1,0
17225,-1,0
17237.5,-1,0
17250,1,0
17262.5,1,0
17275,1,0
17287.5,1,0
17300,-1,0
17312.5,-1,0
17325,-1,0
17337.5,-1,0
17350,-1,0
17362.5,-1,0
17375,-1,0
17387.5,-1,0
17400,-1,0
17412.5,-1,0
17425,-1,0
17437.5,-1,0
17450,-1,0
17462.5,-1,0
17475,-1,0
17487.5,-1,0
17500,-1,0
17512.5,-1,0
17525,-1,0
17537.5,-1,0
17550,1,0
17562.5,1,0
17575,1,0
17587.5,1,0
17600,1,0
17612.5,1,0
17625,1,0
17637.5,1,0
17650,-1,0
17662.5,-1,0
17675,-1,0
17687.5,-1,0
17700,1,0
17712.5,1,0
17725,1,0
17737.5,1,0
17750,1,0
17762.5,1,0
17775,1,0
17787.5,1,0
17800,-1,0
17812.5,-1,0
17825,-1,0
17837.5,-1,0
17850,1,0
17862.5,1,0
17875,1,0
17887.5,1,0
17900,1,0
17912.5,1,0
17925,1,0
17937.5,1,0
17950,-1,0
17962.5,-1,0
17975,-1,0
17987.5,-1,0
18000,-1,0
18012.5,-1,0
18025,-1,0
18037.5,-1,0
18050,1,0
18062.5,1,0
18075,1,0
18087.5,1,0
18100,-1,0
18112.5,-1,0
18125,-1,0
18137.5,-1,0
18150,1,0
18162.5,1,0
18175,1,0
18187.5,1,0
18200,1,0
18212.5,1,0
18225,1,0
18237.5,1,0
18250,-1,0
18262.5,-1,0
18275,-1,0
18287.5,-1,0
18300,1,0
18312.5,1,0
18325,1,0
18337.5,1,0
18350,1,0
18362.5,1,0
18375,1,0
18387.5,1,0
18400,-1,0
18412.5,-1,0
18425,-1,0
18437.5,-1,0
18450,1,0
18462.5,1,0
18475,1,0
18487.5,1,0
18500,1,0
18512.5,1,0
18525,1,0
18537.5,1,0
18550,-1,0
18562.5,-1,0
18575,-1,0
18587.5,-1,0
18600,1,0
18612.5,1,0
18625,1,0
18637.5,1,0
18650,1,0
18662.5,1,0
18675,1,0
18687.5,1,0
18700,1,0
18712.5,1,0
18725,1,0
18737.5,1,0
18750,1,0
18762.5,1,0
18775,1,0
18787.5,1,0
18800,-1,0
18812.5,-1,0
18825,-1,0
18837.5,-1,0
18850,1,0
18862.5,1,0
18875,1,0
18887.5,1,0
18900,-1,0
18912.5,-1,0
18925,-1,0
18937.5,-1,0
18950,1,0
18962.5,1,0
18975,1,0
18987.5,1,0
19000,-1,0
19012.5,-1,0
19025,-1,0
19037.5,-1,0
19050,-1,0
19062.5,-1,0
19075,-1,0
19087.5,-1,0
19100,1,0
19112.5,1,0
19125,1,0
19137.5,1,0
19150,1,0
19162.5,1,0
19175,1,0
19187.5,1,0
19200,-1,0
19212.5,-1,0
19225,-1,0
19237.5,-1,0
19250,-1,0
19262.5,-1,0
19275,-1,0
19287.5,-1,0
19300,-1,0
19312.5,-1,0
19325,-1,0
19337.5,-1,0
19350,1,0
19362.5,1,0
19375,1,0
19387.5,1,0
19400,1,0
19412.5,1,0
19425,1,0
19437.5,1,0
19450,-1,0
19462.5,-1,0
19475,-1,0
19487.5,-1,0
19500,-1,0
19512.5,-1,0
19525,-1,0
19537.5,-1,0
19550,-1,0
19562.5,-1,0
19575,-1,0
19587.5,-1,0
19600,-1,0
19612.5,-1,0
19625,-1,0
19637.5,-1,0
19650,1,0
19662.5,1,0
19675,1,0
19687.5,1,0
19700,-1,0
19712.5,-1,0
19725,-1,0
19737.5,-1,0
19750,1,0
19762.5,1,0
19775,1,0
19787.5,1,0
19800,-1,0
19812.5,-1,0
19825,-1,0
19837.5,-1,0
19850,-1,0
19862.5,-1,0
19875,-1,0
19887.5,-1,0
19900,1,0
19912.5,1,0
19925,1,0
19937.5,1,0
19950,-1,0
19962.5,-1,0
19975,-1,0
19987.5,-1,0
20000,1,0
20012.5,1,0
20025,1,0
20037.5,1,0
20050,-1,0
20062.5,-1,0
20075,-1,0
20087.5,-1,0
20100,-1,0
20112.5,-1,0
20125,-1,0
20137.5,-1,0
20150,1,0
20162.5,1,0
20175,1,0
20187.5,1,0
20200,-1,0
20212.5,-1,0
20225,-1,0
20237.5,-1,0
20250,1,0
20262.5,1,0
20275,1,0
20287.5,1,0
20300,1,0
20312.5,1,0
20325,1,0
20337.5,1,0
20350,-1,0
20362.5,-1,0
20375,-1,0
20387.5,-1,0
20400,-1,0
20412.5,-1,0
20425,-1,0
20437.5,-1,0
20450,-1,0
20462.5,-1,0
20475,-1,0
20487.5,-1,0
20500,-1,0
20512.5,-1,0
20525,-1,0
20537.5,-1,0
20550,-1,0
20562.5,-1,0
20575,-1,0
20587.5,-1,0
20600,1,0
20612.5,1,0
20625,1,0
20637.5,1,0
20650,-1,0
20662.5,-1,0
20675,-1,0
20687.5,-1,0
20700,-1,0
20712.5,-1,0
20725,-1,0
20737.5,-1,0
20750,1,0
20762.5,1,0
20775,1,0
20787.5,1,0
20800,-1,0
20812.5,-1,0
20825,-1,0
20837.5,-1,0
20850,-1,0
20862.5,-1,0
20875,-1,0
20887.5,-1,0
20900,1,0
20912.5,1,0
20925,1,0
20937.5,1,0
20950,1,0
20962.5,1,0
20975,1,0
20987.5,1,0
21000,-1,0
21012.5,-1,0
21025,-1,0
21037.5,-1,0
21050,-1,0
21062.5,-1,0
21075,-1,0
21087.5,-1,0
21100,1,0
21112.5,1,0
21125,1,0
21137.5,1,0
21150,-1,0
21162.5,-1,0
21175,-1,0
21187.5,-1,0
21200,1,0
21212.5,1,0
21225,1,0
21237.5,1,0
21250,1,0
21262.5,1,0
21275,1,0
21287.5,1,0
21300,-1,0
21312.5,-1,0
21325,-1,0
21337.5,-1,0
21350,-1,0
21362.5,-1,0
21375,-1,0
21387.5,-1,0
21400,1,0
21412.5,1,0
21425,1,0
21437.5,1,0
21450,1,0
21462.5,1,0
21475,1,0
21487.5,1,0
21500,1,0
21512.5,1,0
21525,1,0
21537.5,1,0
21550,-1,0
21562.5,-1,0
21575,-1,0
21587.5,-1,0
21600,1,0
21612.5,1,0
21625,1,0
21637.5,1,0
21650,-1,0
21662.5,-1,0
21675,-1,0
21687.5,-1,0
21700,1,0
21712.5,1,0
21725,1,0
21737.5,1,0
21750,1,0
21762.5,1,0
21775,1,0
21787.5,1,0
21800,-1,0
21812.5,-1,0
21825,-1,0
21837.5,-1,0
21850,-1,0
21862.5,-1,0
21875,-1,0
21887.5,-1,0
21900,-1,0
21912.5,-1,0
21925,-1,0
21937.5,-1,0
21950,1,0
21962.5,1,0
21975,1,0
21987.5,1,0
22000,-1,0
22012.5,-1,0
22025,-1,0
22037.5,-1,0
22050,1,0
22062.5,1,0
22075,1,0
22087.5,1,0
22100,-1,0
22112.5,-1,0
22125,-1,0
22137.5,-1,0
22150,-1,0
22162.5,-1,0
22175,-1,0
22187.5,-1,0
22200,-1,0
22212.5,-1,0
22225,-1,0
22237.5,-1,0
22250,-1,0
22262.5,-1,0
22275,-1,0
22287.5,-1,0
22300,1,0
22312.5,1,0
22325,1,0
22337.5,1,0
22350,-1,0
22362.5,-1,0
22375,-1,0
22387.5,-1,0
22400,-1,0
22412.5,-1,0
22425,-1,0
22437.5,-1,0
22450,-1,0
22462.5,-1,0
22475,-1,0
22487.5,-1,0
22500,-1,0
22512.5,-1,0
22525,-1,0
22537.5,-1,0
22550,-1,0
22562.5,-1,0
22575,-1,0
22587.5,-1,0
22600,-1,0
22612.5,-1,0
22625,-1,0
22637.5,-1,0
22650,1,0
22662.5,1,0
22675,1,0
22687.5,1,0
22700,-1,0
22712.5,-1,0
22725,-1,0
22737.5,-1,0
22750,-1,0
22762.5,-1,0
22775,-1,0
22787.5,-1,0
22800,1,0
22812.5,1,0
22825,1,0
22837.5,1,0
22850,-1,0
22862.5,-1,0
22875,-1,0
22887.5,-1,0
22900,1,0
22912.5,1,0
22925,1,0
22937.5,1,0
22950,1,0
22962.5,1,0
22975,1,0
22987.5,1,0
23000,-1,0
23012.5,-1,0
23025,-1,0
23037.5,-1,0
23050,-1,0
23062.5,-1,0
23075,-1,0
23087.5,-1,0
23100,1,0
23112.5,1,0
23125,1,0
23137.5,1,0
23150,-1,0
23162.5,-1,0
23175,-1,0
23187.5,-1,0
23200,1,0
23212.5,1,0
23225,1,0
23237.5,1,0
23250,1,0
23262.5,1,0
23275,1,0
23287.5,1,0
23300,1,0
23312.5,1,0
23325,1,0
23337.5,1,0
23350,1,0
23362.5,1,0
23375,1,0
23387.5,1,0
23400,-1,0
23412.5,-1,0
23425,-1,0
23437.5,-1,0
23450,-1,0
23462.5,-1,0
23475,-1,0
23487.5,-1,0
23500,-1,0
23512.5,-1,0
23525,-1,0
23537.5,-1,0
23550,-1,0
23562.5,-1,0
23575,-1,0
23587.5,-1,0
23600,1,0
23612.5,1,0
23625,1,0
23637.5,1,0
23650,1,0
23662.5,1,0
23675,1,0
23687.5,1,0
23700,1,0
23712.5,1,0
23725,1,0
23737.5,1,0
23750,-1,0
23762.5,-1,0
23775,-1,0
23787.5,-1,0
23800,1,0
23812.5,1,0
23825,1,0
23837.5,1,0
23850,1,0
23862.5,1,0
23875,1,0
23887.5,1,0
23900,-1,0
23912.5,-1,0
23925,-1,0
23937.5,-1,0
23950,1,0
23962.5,1,0
23975,1,0
23987.5,1,0
24000,-1,0
24012.5,-1,0
24025,-1,0
24037.5,-1,0
24050,-1,0
24062.5,-1,0
24075,-1,0
24087.5,-1,0
24100,1,0
24112.5,1,0
24125,1,0
24137.5,1,0
24150,-1,0
24162.5,-1,0
24175,-1,0
24187.5,-1,0
24200,1,0
24212.5,1,0
24225,1,0
24237.5,1,0
24250,1,0
24262.5,1,0
24275,1,0
24287.5,1,0
24300,-1,0
24312.5,-1,0
24325,-1,0
24337.5,-1,0
24350,1,0
24362.5,1,0
24375,1,0
24387.5,1,0
24400,-1,0
24412.5,-1,0
24425,-1,0
24437.5,-1,0
24450,1,0
24462.5,1,0
24475,1,0
24487.5,1,0
24500,-1,0
24512.5,-1,0
24525,-1,0
24537.5,-1,0
24550,-1,0
24562.5,-1,0
24575,-1,0
24587.5,-1,0
24600,1,0
24612.5,1,0
24625,1,0
24637.5,1,0
24650,1,0
24662.5,1,0
24675,1,0
24687.5,1,0
24700,1,0
24712.5,1,0
24725,1,0
24737.5,1,0
24750,-1,0
24762.5,-1,0
24775,-1,0
24787.5,-1,0
24800,1,0
24812.5,1,0
24825,1,0
24837.5,1,0
24850,1,0
24862.5,1,0
24875,1,0
24887.5,1,0
24900,-1,0
24912.5,-1,0
24925,-1,0
24937.5,-1,0
24950,1,0
24962.5,1,0
24975,1,0
24987.5,1,0
25000,1,0
25012.5,1,0
25025,1,0
25037.5,1,0
25050,-1,0
25062.5,-1,0
25075,-1,0
25087.5,-1,0
25100,-1,0
25112.5,-1,0
25125,-1,0
25137.5,-1,0
25150,-1,0
25162.5,-1,0
25175,-1,0
25187.5,-1,0
25200,-1,0
25212.5,-1,0
25225,-1,0
25237.5,-1,0
25250,-1,0
25262.5,-1,0
25275,-1,0
25287.5,-1,0
25300,1,0
25312.5,1,0
25325,1,0
25337.5,1,0
25350,1,0
25362.5,1,0
25375,1,0
25387.5,1,0
25400,-1,0
25412.5,-1,0
25425,-1,0
25437.5,-1,0
25450,-1,0
25462.5,-1,0
25475,-1,0
25487.5,-1,0
25500,-1,0
25512.5,-1,0
25525,-1,0
25537.5,-1,0
25550,1,0
25562.5,1,0
25575,1,0
25587.5,1,0
25600,-1,0
25612.5,-1,0
25625,-1,0
25637.5,-1,0
25650,-1,0
25662.5,-1,0
25675,-1,0
25687.5,-1,0
25700,-1,0
25712.5,-1,0
25725,-1,0
25737.5,-1,0
25750,-1,0
25762.5,-1,0
25775,-1,0
25787.5,-1,0
25800,-1,0
25812.5,-1,0
25825,-1,0
25837.5,-1,0
25850,-1,0
25862.5,-1,0
25875,-1,0
25887.5,-1,0
25900,-1,0
25912.5,-1,0
25925,-1,0
25937.5,-1,0
25950,-1,0
25962.5,-1,0
25975,-1,0
25987.5,-1,0
26000,1,0
26012.5,1,0
26025,1,0
26037.5,1,0
26050,1,0
26062.5,1,0
26075,1,0
26087.5,1,0
26100,1,0
26112.5,1,0
26125,1,0
26137.5,1,0
26150,-1,0
26162.5,-1,0
26175,-1,0
26187.5,-1,0
26200,-1,0
26212.5,-1,0
26225,-1,0
26237.5,-1,0
26250,-1,0
26262.5,-1,0
26275,-1,0
26287.5,-1,0
26300,-1,0
26312.5,-1,0
26325,-1,0
26337.5,-1,0
26350,-1,0
26362.5,-1,0
26375,-1,0
26387.5,-1,0
26400,-1,0
26412.5,-1,0
26425,-1,0
26437.5,-1,0
26450,-1,0
26462.5,-1,0
26475,-1,0
26487.5,-1,0
26500,-1,0
26512.5,-1,0
26525,-1,0
26537.5,-1,0
26550,-1,0
26562.5,-1,0
26575,-1,0
26587.5,-1,0
26600,-1,0
26612.5,-1,0
26625,-1,0
26637.5,-1,0
26650,-1,0
26662.5,-1,0
26675,-1,0
26687.5,-1,0
26700,1,0
26712.5,1,0
26725,1,0
26737.5,1,0
26750,1,0
26762.5,1,0
26775,1,0
26787.5,1,0
26800,-1,0
26812.5,-1,0
26825,-1,0
26837.5,-1,0
26850,-1,0
26862.5,-1,0
26875,-1,0
26887.5,-1,0
26900,1,0
26912.5,1,0
26925,1,0
26937.5,1,0
26950,-1,0
26962.5,-1,0
26975,-1,0
26987.5,-1,0
27000,1,0
27012.5,1,0
27025,1,0
27037.5,1,0
27050,1,0
27062.5,1,0
27075,1,0
27087.5,1,0
27100,1,0
27112.5,1,0
27125,1,0
27137.5,1,0
27150,-1,0
27162.5,-1,0
27175,-1,0
27187.5,-1,0
27200,-1,0
27212.5,-1,0
27225,-1,0
27237.5,-1,0
27250,1,0
27262.5,1,0
27275,1,0
27287.5,1,0
27300,-1,0
27312.5,-1,0
27325,-1,0
27337.5,-1,0
27350,1,0
27362.5,1,0
27375,1,0
27387.5,1,0
27400,-1,0
27412.5,-1,0
27425,-1,0
27437.5,-1,0
27450,-1,0
27462.5,-1,0
27475,-1,0
27487.5,-1,0
27500,1,0
27512.5,1,0
27525,1,0
27537.5,1,0
27550,-1,0
27562.5,-1,0
27575,-1,0
27587.5,-1,0
27600,-1,0
27612.5,-1,0
27625,-1,0
27637.5,-1,0
27650,1,0
27662.5,1,0
27675,1,0
27687.5,1,0
27700,1,0
27712.5,1,0
27725,1,0
27737.5,1,0
27750,-1,0
27762.5,-1,0
27775,-1,0
27787.5,-1,0
27800,1,0
27812.5,1,0
27825,1,0
27837.5,1,0
27850,1,0
27862.5,1,0
27875,1,0
27887.5,1,0
27900,1,0
27912.5,1,0
27925,1,0
27937.5,1,0
27950,1,0
27962.5,1,0
27975,1,0
27987.5,1,0
28000,-1,0
28012.5,-1,0
28025,-1,0
28037.5,-1,0
28050,1,0
28062.5,1,0
28075,1,0
28087.5,1,0
28100,1,0
28112.5,1,0
28125,1,0
28137.5,1,0
28150,1,0
28162.5,1,0
28175,1,0
28187.5,1,0
28200,1,0
28212.5,1,0
28225,1,0
28237.5,1,0
28250,-1,0
28262.5,-1,0
28275,-1,0
28287.5,-1,0
28300,-1,0
28312.5,-1,0
28325,-1,0
28337.5,-1,0
28350,-1,0
28362.5,-1,0
28375,-1,0
28387.5,-1,0
28400,1,0
28412.5,1,0
28425,1,0
28437.5,1,0
28450,-1,0
28462.5,-1,0
28475,-1,0
28487.5,-1,0
28500,-1,0
28512.5,-1,0
28525,-1,0
28537.5,-1,0
28550,-1,0
28562.5,-1,0
28575,-1,0
28587.5,-1,0
28600,1,0
28612.5,1,0
28625,1,0
28637.5,1,0
28650,1,0
28662.5,1,0
28675,1,0
28687.5,1,0
28700,1,0
28712.5,1,0
28725,1,0
28737.5,1,0
28750,1,0
28762.5,1,0
28775,1,0
28787.5,1,0
28800,1,0
28812.5,1,0
28825,1,0
28837.5,1,0
28850,1,0
28862.5,1,0
28875,1,0
28887.5,1,0
28900,1,0
28912.5,1,0
28925,1,0
28937.5,1,0
28950,-1,0
28962.5,-1,0
28975,-1,0
28987.5,-1,0
29000,-1,0
29012.5,-1,0
29025,-1,0
29037.5,-1,0
29050,1,0
29062.5,1,0
29075,1,0
29087.5,1,0
29100,1,0
29112.5,1,0
29125,1,0
29137.5,1,0
29150,1,0
29162.5,1,0
29175,1,0
29187.5,1,0
29200,-1,0
29212.5,-1,0
29225,-1,0
29237.5,-1,0
29250,-1,0
29262.5,-1,0
29275,-1,0
29287.5,-1,0
29300,-1,0
29312.5,-1,0
29325,-1,0
29337.5,-1,0
29350,1,0
29362.5,1,0
29375,1,0
29387.5,1,0
29400,1,0
29412.5,1,0
29425,1,0
29437.5,1,0
29450,-1,0
29462.5,-1,0
29475,-1,0
29487.5,-1,0
29500,1,0
29512.5,1,0
29525,1,0
29537.5,1,0
29550,-1,0
29562.5,-1,0
29575,-1,0
29587.5,-1,0
29600,-1,0
29612.5,-1,0
29625,-1,0
29637.5,-1,0
29650,1,0
29662.5,1,0
29675,1,0
29687.5,1,0
29700,-1,0
29712.5,-1,0
29725,-1,0
29737.5,-1,0
29750,-1,0
29762.5,-1,0
29775,-1,0
29787.5,-1,0
29800,-1,0
29812.5,-1,0
29825,-1,0
29837.5,-1,0
29850,1,0
29862.5,1,0
29875,1,0
29887.5,1,0
29900,-1,0
29912.5,-1,0
29925,-1,0
29937.5,-1,0
29950,1,0
29962.5,1,0
29975,1,0
29987.5,1,0
30000,1,0
30012.5,1,0
30025,1,0
30037.5,1,0
30050,-1,0
30062.5,-1,0
30075,-1,0
30087.5,-1,0
30100,1,0
30112.5,1,0
30125,1,0
30137.5,1,0
30150,1,0
30162.5,1,0
30175,1,0
30187.5,1,0
30200,-1,0
30212.5,-1,0
30225,-1,0
30237.5,-1,0
30250,-1,0
30262.5,-1,0
30275,-1,0
30287.5,-1,0
30300,1,0
30312.5,1,0
30325,1,0
30337.5,1,0
30350,1,0
30362.5,1,0
30375,1,0
30387.5,1,0
30400,1,0
30412.5,1,0
30425,1,0
30437.5,1,0
30450,-1,0
30462.5,-1,0
30475,-1,0
30487.5,-1,0
30500,-1,0
30512.5,-1,0
30525,-1,0
30537.5,-1,0
30550,-1,0
30562.5,-1,0
30575,-1,0
30587.5,-1,0
30600,-1,0
30612.5,-1,0
30625,-1,0
30637.5,-1,0
30650,1,0
30662.5,1,0
30675,1,0
30687.5,1,0
30700,1,0
30712.5,1,0
30725,1,0
30737.5,1,0
30750,1,0
30762.5,1,0
30775,1,0
30787.5,1,0
30800,1,0
30812.5,1,0
30825,1,0
30837.5,1,0
30850,1,0
30862.5,1,0
30875,1,0
30887.5,1,0
30900,-1,0
30912.5,-1,0
30925,-1,0
30937.5,-1,0
30950,-1,0
30962.5,-1,0
30975,-1,0
30987.5,-1,0
31000,-1,0
31012.5,-1,0
31025,-1,0
31037.5,-1,0
31050,1,0
31062.5,1,0
31075,1,0
31087.5,1,0
31100,1,0
31112.5,1,0
31125,1,0
31137.5,1,0
31150,1,0
31162.5,1,0
31175,1,0
31187.5,1,0
31200,-1,0
31212.5,-1,0
31225,-1,0
31237.5,-1,0
31250,-1,0
31262.5,-1,0
31275,-1,0
31287.5,-1,0
31300,1,0
31312.5,1,0
31325,1,0
31337.5,1,0
31350,1,0
31362.5,1,0
31375,1,0
31387.5,1,0
31400,-1,0
31412.5,-1,0
31425,-1,0
31437.5,-1,0
31450,1,0
31462.5,1,0
31475,1,0
31487.5,1,0
31500,-1,0
31512.5,-1,0
31525,-1,0
31537.5,-1,0
31550,-1,0
31562.5,-1,0
31575,-1,0
31587.5,-1,0
31600,1,0
31612.5,1,0
31625,1,0
31637.5,1,0
31650,-1,0
31662.5,-1,0
31675,-1,0
31687.5,-1,0
31700,1,0
31712.5,1,0
31725,1,0
31737.5,1,0
31750,-1,0
31762.5,-1,0
31775,-1,0
31787.5,-1,0
31800,-1,0
31812.5,-1,0
31825,-1,0
31837.5,-1,0
31850,-1,0
31862.5,-1,0
31875,-1,0
31887.5,-1,0
31900,-1,0
31912.5,-1,0
31925,-1,0
31937.5,-1,0
31950,-1,0
31962.5,-1,0
31975,-1,0
31987.5,-1,0
32000,1,0
32012.5,1,0
32025,1,0
32037.5,1,0
32050,1,0
32062.5,1,0
32075,1,0
32087.5,1,0
32100,1,0
32112.5,1,0
32125,1,0
32137.5,1,0
32150,1,0
32162.5,1,0
32175,1,0
32187.5,1,0
32200,-1,0
32212.5,-1,0
32225,-1,0
32237.5,-1,0
32250,-1,0
32262.5,-1,0
32275,-1,0
32287.5,-1,0
32300,-1,0
32312.5,-1,0
32325,-1,0
32337.5,-1,0
32350,-1,0
32362.5,-1,0
32375,-1,0
32387.5,-1,0
32400,1,0
32412.5,1,0
32425,1,0
32437.5,1,0
32450,-1,0
32462.5,-1,0
32475,-1,0
32487.5,-1,0
32500,1,0
32512.5,1,0
32525,1,0
32537.5,1,0
32550,1,0
32562.5,1,0
32575,1,0
32587.5,1,0
32600,1,0
32612.5,1,0
32625,1,0
32637.5,1,0
32650,-1,0
32662.5,-1,0
32675,-1,0
32687.5,-1,0
32700,1,0
32712.5,1,0
32725,1,0
32737.5,1,0
32750,-1,0
32762.5,-1,0
32775,-1,0
32787.5,-1,0
32800,-1,0
32812.5,-1,0
32825,-1,0
32837.5,-1,0
32850,-1,0
32862.5,-1,0
32875,-1,0
32887.5,-1,0
32900,-1,0
32912.5,-1,0
32925,-1,0
32937.5,-1,0
32950,-1,0
32962.5,-1,0
32975,-1,0
32987.5,-1,0
33000,-1,0
33012.5,-1,0
33025,-1,0
33037.5,-1,0
33050,-1,0
33062.5,-1,0
33075,-1,0
33087.5,-1,0
33100,1,0
33112.5,1,0
33125,1,0
33137.5,1,0
33150,-1,0
33162.5,-1,0
33175,-1,0
33187.5,-1,0
33200,-1,0
33212.5,-1,0
33225,-1,0
33237.5,-1,0
33250,-1,0
33262.5,-1,0
33275,-1,0
33287.5,-1,0
33300,1,0
33312.5,1,0
33325,1,0
33337.5,1,0
33350,-1,0
33362.5,-1,0
33375,-1,0
33387.5,-1,0
33400,-1,0
33412.5,-1,0
33425,-1,0
33437.5,-1,0
33450,1,0
33462.5,1,0
33475,1,0
33487.5,1,0
33500,-1,0
33512.5,-1,0
33525,-1,0
33537.5,-1,0
33550,1,0
33562.5,1,0
33575,1,0
33587.5,1,0
33600,1,0
33612.5,1,0
33625,1,0
33637.5,1,0
33650,1,0
33662.5,1,0
33675,1,0
33687.5,1,0
33700,-1,0
33712.5,-1,0
33725,-1,0
33737.5,-1,0
33750,-1,0
33762.5,-1,0
33775,-1,0
33787.5,-1,0
33800,-1,0
33812.5,-1,0
33825,-1,0
33837.5,-1,0
33850,-1,0
33862.5,-1,0
33875,-1,0
33887.5,-1,0
33900,-1,0
33912.5,-1,0
33925,-1,0
33937.5,-1,0
33950,-1,0
33962.5,-1,0
33975,-1,0
33987.5,-1,0
34000,1,0
34012.5,1,0
34025,1,0
34037.5,1,0
34050,-1,0
34062.5,-1,0
34075,-1,0
34087.5,-1,0
34100,1,0
34112.5,1,0
34125,1,0
34137.5,1,0
34150,-1,0
34162.5,-1,0
34175,-1,0
34187.5,-1,0
34200,1,0
34212.5,1,0
34225,1,0
34237.5,1,0
34250,-1,0
34262.5,-1,0
34275,-1,0
34287.5,-1,0
34300,-1,0
34312.5,-1,0
34325,-1,0
34337.5,-1,0
34350,-1,0
34362.5,-1,0
34375,-1,0
34387.5,-1,0
34400,-1,0
34412.5,-1,0
34425,-1,0
34437.5,-1,0
34450,-1,0
34462.5,-1,0
34475,-1,0
34487.5,-1,0
34500,-1,0
34512.5,-1,0
34525,-1,0
34537.5,-1,0
34550,-1,0
34562.5,-1,0
34575,-1,0
34587.5,-1,0
34600,-1,0
34612.5,-1,0
34625,-1,0
34637.5,-1,0
34650,-1,0
34662.5,-1,0
34675,-1,0
34687.5,-1,0
34700,1,0
34712.5,1,0
34725,1,0
34737.5,1,0
34750,-1,0
34762.5,-1,0
34775,-1,0
34787.5,-1,0
34800,-1,0
34812.5,-1,0
34825,-1,0
34837.5,-1,0
34850,1,0
34862.5,1,0
34875,1,0
34887.5,1,0
34900,1,0
34912.5,1,0
34925,1,0
34937.5,1,0
34950,1,0
34962.5,1,0
34975,1,0
34987.5,1,0
35000,-1,0
35012.5,-1,0
35025,-1,0
35037.5,-1,0
35050,-1,0
35062.5,-1,0
35075,-1,0
35087.5,-1,0
35100,1,0
35112.5,1,0
35125,1,0
35137.5,1,0
35150,-1,0
35162.5,-1,0
35175,-1,0
35187.5,-1,0
35200,1,0
35212.5,1,0
35225,1,0
35237.5,1,0
35250,1,0
35262.5,1,0
35275,1,0
35287.5,1,0
35300,1,0
35312.5,1,0
35325,1,0
35337.5,1,0
35350,-1,0
35362.5,-1,0
35375,-1,0
35387.5,-1,0
35400,1,0
35412.5,1,0
35425,1,0
35437.5,1,0
35450,1,0
35462.5,1,0
35475,1,0
35487.5,1,0
35500,1,0
35512.5,1,0
35525,1,0
35537.5,1,0
35550,1,0
35562.5,1,0
35575,1,0
35587.5,1,0
35600,1,0
35612.5,1,0
35625,1,0
35637.5,1,0
35650,1,0
35662.5,1,0
35675,1,0
35687.5,1,0
35700,-1,0
35712.5,-1,0
35725,-1,0
35737.5,-1,0
35750,-1,0
35762.5,-1,0
35775,-1,0
35787.5,-1,0
35800,-1,0
35812.5,-1,0
35825,-1,0
35837.5,-1,0
35850,-1,0
35862.5,-1,0
35875,-1,0
35887.5,-1,0
35900,1,0
35912.5,1,0
35925,1,0
35937.5,1,0
35950,1,0
35962.5,1,0
35975,1,0
35987.5,1,0
36000,-1,0
36012.5,-1,0
36025,-1,0
36037.5,-1,0
36050,-1,0
36062.5,-1,0
36075,-1,0
36087.5,-1,0
36100,-1,0
36112.5,-1,0
36125,-1,0
36137.5,-1,0
36150,1,0
36162.5,1,0
36175,1,0
36187.5,1,0
36200,1,0
36212.5,1,0
36225,1,0
36237.5,1,0
36250,-1,0
36262.5,-1,0
36275,-1,0
36287.5,-1,0
36300,1,0
36312.5,1,0
36325,1,0
36337.5,1,0
36350,-1,0
36362.5,-1,0
36375,-1,0
36387.5,-1,0
36400,1,0
36412.5,1,0
36425,1,0
36437.5,1,0
36450,1,0
36462.5,1,0
36475,1,0
36487.5,1,0
36500,1,0
36512.5,1,0
36525,1,0
36537.5,1,0
36550,-1,0
36562.5,-1,0
36575,-1,0
36587.5,-1,0
36600,1,0
36612.5,1,0
36625,1,0
36637.5,1,0
36650,-1,0
36662.5,-1,0
36675,-1,0
36687.5,-1,0
36700,1,0
36712.5,1,0
36725,1,0
36737.5,1,0
36750,1,0
36762.5,1,0
36775,1,0
36787.5,1,0
36800,1,0
36812.5,1,0
36825,1,0
36837.5,1,0
36850,1,0
36862.5,1,0
36875,1,0
36887.5,1,0
36900,1,0
36912.5,1,0
36925,1,0
36937.5,1,0
36950,-1,0
36962.5,-1,0
36975,-1,0
36987.5,-1,0
37000,1,0
37012.5,1,0
37025,1,0
37037.5,1,0
37050,1,0
37062.5,1,0
37075,1,0
37087.5,1,0
37100,-1,0
37112.5,-1,0
37125,-1,0
37137.5,-1,0
37150,1,0
37162.5,1,0
37175,1,0
37187.5,1,0
37200,-1,0
37212.5,-1,0
37225,-1,0
37237.5,-1,0
37250,1,0
37262.5,1,0
37275,1,0
37287.5,1,0
37300,-1,0
37312.5,-1,0
37325,-1,0
37337.5,-1,0
37350,1,0
37362.5,1,0
37375,1,0
37387.5,1,0
37400,-1,0
37412.5,-1,0
37425,-1,0
37437.5,-1,0
37450,-1,0
37462.5,-1,0
37475,-1,0
37487.5,-1,0
37500,-1,0
37512.5,-1,0
37525,-1,0
37537.5,-1,0
37550,1,0
37562.5,1,0
37575,1,0
37587.5,1,0
37600,1,0
37612.5,1,0
37625,1,0
37637.5,1,0
37650,1,0
37662.5,1,0
37675,1,0
37687.5,1,0
37700,1,0
37712.5,1,0
37725,1,0
37737.5,1,0
37750,1,0
37762.5,1,0
37775,1,0
37787.5,1,0
37800,-1,0
37812.5,-1,0
37825,-1,0
37837.5,-1,0
37850,1,0
37862.5,1,0
37875,1,0
37887.5,1,0
37900,1,0
37912.5,1,0
37925,1,0
37937.5,1,0
37950,-1,0
37962.5,-1,0
37975,-1,0
37987.5,-1,0
38000,-1,0
38012.5,-1,0
38025,-1,0
38037.5,-1,0
38050,-1,0
38062.5,-1,0
38075,-1,0
38087.5,-1,0
38100,-1,0
38112.5,-1,0
38125,-1,0
38137.5,-1,0
38150,-1,0
38162.5,-1,0
38175,-1,0
38187.5,-1,0
38200,-1,0
38212.5,-1,0
38225,-1,0
38237.5,-1,0
38250,1,0
38262.5,1,0
38275,1,0
38287.5,1,0
38300,1,0
38312.5,1,0
38325,1,0
38337.5,1,0
38350,-1,0
38362.5,-1,0
38375,-1,0
38387.5,-1,0
38400,1,0
38412.5,1,0
38425,1,0
38437.5,1,0
38450,-1,0
38462.5,-1,0
38475,-1,0
38487.5,-1,0
38500,1,0
38512.5,1,0
38525,1,0
38537.5,1,0
38550,-1,0
38562.5,-1,0
38575,-1,0
38587.5,-1,0
38600,-1,0
38612.5,-1,0
38625,-1,0
38637.5,-1,0
38650,1,0
38662.5,1,0
38675,1,0
38687.5,1,0
38700,-1,0
38712.5,-1,0
38725,-1,0
38737.5,-1,0
38750,1,0
38762.5,1,0
38775,1,0
38787.5,1,0
38800,1,0
38812.5,1,0
38825,1,0
38837.5,1,0
38850,1,0
38862.5,1,0
38875,1,0
38887.5,1,0
38900,-1,0
38912.5,-1,0
38925,-1,0
38937.5,-1,0
38950,1,0
38962.5,1,0
38975,1,0
38987.5,1,0
39000,-1,0
39012.5,-1,0
39025,-1,0
39037.5,-1,0
39050,1,0
39062.5,1,0
39075,1,0
39087.5,1,0
39100,-1,0
39112.5,-1,0
39125,-1,0
39137.5,-1,0
39150,1,0
39162.5,1,0
39175,1,0
39187.5,1,0
39200,-1,0
39212.5,-1,0
39225,-1,0
39237.5,-1,0
39250,1,0
39262.5,1,0
39275,1,0
39287.5,1,0
39300,1,0
39312.5,1,0
39325,1,0
39337.5,1,0
39350,-1,0
39362.5,-1,0
39375,-1,0
39387.5,-1,0
39400,-1,0
39412.5,-1,0
39425,-1,0
39437.5,-1,0
39450,-1,0
39462.5,-1,0
39475,-1,0
39487.5,-1,0
39500,1,0
39512.5,1,0
39525,1,0
39537.5,1,0
39550,1,0
39562.5,1,0
39575,1,0
39587.5,1,0
39600,1,0
39612.5,1,0
39625,1,0
39637.5,1,0
39650,1,0
39662.5,1,0
39675,1,0
39687.5,1,0
39700,-1,0
39712.5,-1,0
39725,-1,0
39737.5,-1,0
39750,1,0
39762.5,1,0
39775,1,0
39787.5,1,0
39800,1,0
39812.5,1,0
39825,1,0
39837.5,1,0
39850,-1,0
39862.5,-1,0
39875,-1,0
39887.5,-1,0
39900,-1,0
39912.5,-1,0
39925,-1,0
39937.5,-1,0
39950,-1,0
39962.5,-1,0
39975,-1,0
39987.5,-1,0
40000,1,0
40012.5,1,0
40025,1,0
40037.5,1,0
40050,-1,0
40062.5,-1,0
40075,-1,0
40087.5,-1,0
40100,1,0
40112.5,1,0
40125,1,0
40137.5,1,0
40150,1,0
40162.5,1,0
40175,1,0
40187.5,1,0
40200,-1,0
40212.5,-1,0
40225,-1,0
40237.5,-1,0
40250,1,0
40262.5,1,0
40275,1,0
40287.5,1,0
40300,-1,0
40312.5,-1,0
40325,-1,0
40337.5,-1,0
40350,-1,0
40362.5,-1,0
40375,-1,0
40387.5,-1,0
40400,1,0
40412.5,1,0
40425,1,0
40437.5,1,0
40450,1,0
40462.5,1,0
40475,1,0
40487.5,1,0
40500,-1,0
40512.5,-1,0
40525,-1,0
40537.5,-1,0
40550,-1,0
40562.5,-1,0
40575,-1,0
40587.5,-1,0
40600,1,0
40612.5,1,0
40625,1,0
40637.5,1,0
40650,-1,0
40662.5,-1,0
40675,-1,0
40687.5,-1,0
40700,-1,0
40712.5,-1,0
40725,-1,0
40737.5,-1,0
40750,1,0
40762.5,1,0
40775,1,0
40787.5,1,0
40800,1,0
40812.5,1,0
40825,1,0
40837.5,1,0
40850,-1,0
40862.5,-1,0
40875,-1,0
40887.5,-1,0
40900,-1,0
40912.5,-1,0
40925,-1,0
40937.5,-1,0
40950,-1,0
40962.5,-1,0
40975,-1,0
40987.5,-1,0
41000,-1,0
41012.5,-1,0
41025,-1,0
41037.5,-1,0
41050,-1,0
41062.5,-1,0
41075,-1,0
41087.5,-1,0
41100,1,0
41112.5,1,0
41125,1,0
41137.5,1,0
41150,1,0
41162.5,1,0
41175,1,0
41187.5,1,0
41200,1,0
41212.5,1,0
41225,1,0
41237.5,1,0
41250,-1,0
41262.5,-1,0
41275,-1,0
41287.5,-1,0
41300,1,0
41312.5,1,0
41325,1,0
41337.5,1,0
41350,1,0
41362.5,1,0
41375,1,0
41387.5,1,0
41400,1,0
41412.5,1,0
41425,1,0
41437.5,1,0
41450,1,0
41462.5,1,0
41475,1,0
41487.5,1,0
41500,1,0
41512.5,1,0
41525,1,0
41537.5,1,0
41550,-1,0
41562.5,-1,0
41575,-1,0
41587.5,-1,0
41600,-1,0
41612.5,-1,0
41625,-1,0
41637.5,-1,0
41650,1,0
41662.5,1,0
41675,1,0
41687.5,1,0
41700,-1,0
41712.5,-1,0
41725,-1,0
41737.5,-1,0
41750,1,0
41762.5,1,0
41775,1,0
41787.5,1,0
41800,-1,0
41812.5,-1,0
41825,-1,0
41837.5,-1,0
41850,-1,0
41862.5,-1,0
41875,-1,0
41887.5,-1,0
41900,-1,0
41912.5,-1,0
41925,-1,0
41937.5,-1,0
41950,-1,0
41962.5,-1,0
41975,-1,0
41987.5,-1,0
42000,1,0
42012.5,1,0
42025,1,0
42037.5,1,0
42050,1,0
42062.5,1,0
42075,1,0
42087.5,1,0
42100,-1,0
42112.5,-1,0
42125,-1,0
42137.5,-1,0
42150,1,0
42162.5,1,0
42175,1,0
42187.5,1,0
42200,-1,0
42212.5,-1,0
42225,-1,0
42237.5,-1,0
42250,1,0
42262.5,1,0
42275,1,0
42287.5,1,0
42300,1,0
42312.5,1,0
42325,1,0
42337.5,1,0
42350,-1,0
42362.5,-1,0
42375,-1,0
42387.5,-1,0
42400,-1,0
42412.5,-1,0
42425,-1,0
42437.5,-1,0
42450,-1,0
42462.5,-1,0
42475,-1,0
42487.5,-1,0
42500,-1,0
42512.5,-1,0
42525,-1,0
42537.5,-1,0
42550,-1,0
42562.5,-1,0
42575,-1,0
42587.5,-1,0
42600,-1,0
42612.5,-1,0
42625,-1,0
42637.5,-1,0
42650,-1,0
42662.5,-1,0
42675,-1,0
42687.5,-1,0
42700,1,0
42712.5,1,0
42725,1,0
42737.5,1,0
42750,1,0
42762.5,1,0
42775,1,0
42787.5,1,0
42800,1,0
42812.5,1,0
42825,1,0
42837.5,1,0
42850,1,0
42862.5,1,0
42875,1,0
42887.5,1,0
42900,-1,0
42912.5,-1,0
42925,-1,0
42937.5,-1,0
42950,1,0
42962.5,1,0
42975,1,0
42987.5,1,0
43000,-1,0
43012.5,-1,0
43025,-1,0
43037.5,-1,0
43050,1,0
43062.5,1,0
43075,1,0
43087.5,1,0
43100,1,0
43112.5,1,0
43125,1,0
43137.5,1,0
43150,1,0
43162.5,1,0
43175,1,0
43187.5,1,0
43200,-1,0
43212.5,-1,0
43225,-1,0
43237.5,-1,0
43250,-1,0
43262.5,-1,0
43275,-1,0
43287.5,-1,0
43300,1,0
43312.5,1,0
43325,1,0
43337.5,1,0
43350,-1,0
43362.5,-1,0
43375,-1,0
43387.5,-1,0
43400,-1,0
43412.5,-1,0
43425,-1,0
43437.5,-1,0
43450,-1,0
43462.5,-1,0
43475,-1,0
43487.5,-1,0
43500,1,0
43512.5,1,0
43525,1,0
43537.5,1,0
43550,1,0
43562.5,1,0
43575,1,0
43587.5,1,0
43600,1,0
43612.5,1,0
43625,1,0
43637.5,1,0
43650,1,0
43662.5,1,0
43675,1,0
43687.5,1,0
43700,-1,0
43712.5,-1,0
43725,-1,0
43737.5,-1,0
43750,1,0
43762.5,1,0
43775,1,0
43787.5,1,0
43800,-1,0
43812.5,-1,0
43825,-1,0
43837.5,-1,0
43850,-1,0
43862.5,-1,0
43875,-1,0
43887.5,-1,0
43900,1,0
43912.5,1,0
43925,1,0
43937.5,1,0
43950,-1,0
43962.5,-1,0
43975,-1,0
43987.5,-1,0
44000,-1,0
44012.5,-1,0
44025,-1,0
44037.5,-1,0
44050,1,0
44062.5,1,0
44075,1,0
44087.5,1,0
44100,-1,0
44112.5,-1,0
44125,-1,0
44137.5,-1,0
44150,1,0
44162.5,1,0
44175,1,0
44187.5,1,0
44200,-1,0
44212.5,-1,0
44225,-1,0
44237.5,-1,0
44250,-1,0
44262.5,-1,0
44275,-1,0
44287.5,-1,0
44300,-1,0
44312.5,-1,0
44325,-1,0
44337.5,-1,0
44350,1,0
44362.5,1,0
44375,1,0
44387.5,1,0
44400,-1,0
44412.5,-1,0
44425,-1,0
44437.5,-1,0
44450,-1,0
44462.5,-1,0
44475,-1,0
44487.5,-1,0
44500,1,0
44512.5,1,0
44525,1,0
44537.5,1,0
44550,-1,0
44562.5,-1,0
44575,-1,0
44587.5,-1,0
44600,-1,0
44612.5,-1,0
44625,-1,0
44637.5,-1,0
44650,1,0
44662.5,1,0
44675,1,0
44687.5,1,0
44700,-1,0
44712.5,-1,0
44725,-1,0
44737.5,-1,0
44750,-1,0
44762.5,-1,0
44775,-1,0
44787.5,-1,0
44800,1,0
44812.5,1,0
44825,1,0
44837.5,1,0
44850,1,0
44862.5,1,0
44875,1,0
44887.5,1,0
44900,1,0
44912.5,1,0
44925,1,0
44937.5,1,0
44950,-1,0
44962.5,-1,0
44975,-1,0
44987.5,-1,0
45000,-1,0
45012.5,-1,0
45025,-1,0
45037.5,-1,0
45050,-1,0
45062.5,-1,0
45075,-1,0
45087.5,-1,0
45100,-1,0
45112.5,-1,0
45125,-1,0
45137.5,-1,0
45150,-1,0
45162.5,-1,0
45175,-1,0
45187.5,-1,0
45200,1,0
45212.5,1,0
45225,1,0
45237.5,1,0
45250,-1,0
45262.5,-1,0
45275,-1,0
45287.5,-1,0
45300,1,0
45312.5,1,0
45325,1,0
45337.5,1,0
45350,-1,0
45362.5,-1,0
45375,-1,0
45387.5,-1,0
45400,1,0
45412.5,1,0
45425,1,0
45437.5,1,0
45450,1,0
45462.5,1,0
45475,1,0
45487.5,1,0
45500,-1,0
45512.5,-1,0
45525,-1,0
45537.5,-1,0
45550,1,0
45562.5,1,0
45575,1,0
45587.5,1,0
45600,-1,0
45612.5,-1,0
45625,-1,0
45637.5,-1,0
45650,1,0
45662.5,1,0
45675,1,0
45687.5,1,0
45700,1,0
45712.5,1,0
45725,1,0
45737.5,1,0
45750,1,0
45762.5,1,0
45775,1,0
45787.5,1,0
45800,-1,0
45812.5,-1,0
45825,-1,0
45837.5,-1,0
45850,-1,0
45862.5,-1,0
45875,-1,0
45887.5,-1,0
45900,-1,0
45912.5,-1,0
45925,-1,0
45937.5,-1,0
45950,-1,0
45962.5,-1,0
45975,-1,0
45987.5,-1,0
46000,1,0
46012.5,1,0
46025,1,0
46037.5,1,0
46050,-1,0
46062.5,-1,0
46075,-1,0
46087.5,-1,0
46100,-1,0
46112.5,-1,0
46125,-1,0
46137.5,-1,0
46150,-1,0
46162.5,-1,0
46175,-1,0
46187.5,-1,0
46200,-1,0
46212.5,-1,0
46225,-1,0
46237.5,-1,0
46250,1,0
46262.5,1,0
46275,1,0
46287.5,1,0
46300,-1,0
46312.5,-1,0
46325,-1,0
46337.5,-1,0
46350,-1,0
46362.5,-1,0
46375,-1,0
46387.5,-1,0
46400,-1,0
46412.5,-1,0
46425,-1,0
46437.5,-1,0
46450,1,0
46462.5,1,0
46475,1,0
46487.5,1,0
46500,-1,0
46512.5,-1,0
46525,-1,0
46537.5,-1,0
46550,1,0
46562.5,1,0
46575,1,0
46587.5,1,0
46600,1,0
46612.5,1,0
46625,1,0
46637.5,1,0
46650,1,0
46662.5,1,0
46675,1,0
46687.5,1,0
46700,1,0
46712.5,1,0
46725,1,0
46737.5,1,0
46750,-1,0
46762.5,-1,0
46775,-1,0
46787.5,-1,0
46800,-1,0
46812.5,-1,0
46825,-1,0
46837.5,-1,0
46850,1,0
46862.5,1,0
46875,1,0
46887.5,1,0
46900,-1,0
46912.5,-1,0
46925,-1,0
46937.5,-1,0
46950,-1,0
46962.5,-1,0
46975,-1,0
46987.5,-1,0
47000,1,0
47012.5,1,0
47025,1,0
47037.5,1,0
47050,-1,0
47062.5,-1,0
47075,-1,0
47087.5,-1,0
47100,1,0
47112.5,1,0
47125,1,0
47137.5,1,0
47150,-1,0
47162.5,-1,0
47175,-1,0
47187.5,-1,0
47200,1,0
47212.5,1,0
47225,1,0
47237.5,1,0
47250,-1,0
47262.5,-1,0
47275,-1,0
47287.5,-1,0
47300,-1,0
47312.5,-1,0
47325,-1,0
47337.5,-1,0
47350,-1,0
47362.5,-1,0
47375,-1,0
47387.5,-1,0
47400,1,0
47412.5,1,0
47425,1,0
47437.5,1,0
47450,-1,0
47462.5,-1,0
47475,-1,0
47487.5,-1,0
47500,1,0
47512.5,1,0
47525,1,0
47537.5,1,0
47550,-1,0
47562.5,-1,0
47575,-1,0
47587.5,-1,0
47600,1,0
47612.5,1,0
47625,1,0
47637.5,1,0
47650,1,0
47662.5,1,0
47675,1,0
47687.5,1,0
47700,-1,0
47712.5,-1,0
47725,-1,0
47737.5,-1,0
47750,-1,0
47762.5,-1,0
47775,-1,0
47787.5,-1,0
47800,-1,0
47812.5,-1,0
47825,-1,0
47837.5,-1,0
47850,-1,0
47862.5,-1,0
47875,-1,0
47887.5,-1,0
47900,1,0
47912.5,1,0
47925,1,0
47937.5,1,0
47950,-1,0
47962.5,-1,0
47975,-1,0
47987.5,-1,0
48000,1,0
48012.5,1,0
48025,1,0
48037.5,1,0
48050,1,0
48062.5,1,0
48075,1,0
48087.5,1,0
48100,-1,0
48112.5,-1,0
48125,-1,0
48137.5,-1,0
48150,-1,0
48162.5,-1,0
48175,-1,0
48187.5,-1,0
48200,-1,0
48212.5,-1,0
48225,-1,0
48237.5,-1,0
48250,-1,0
48262.5,-1,0
48275,-1,0
48287.5,-1,0
48300,1,0
48312.5,1,0
48325,1,0
48337.5,1,0
48350,1,0
48362.5,1,0
48375,1,0
48387.5,1,0
48400,1,0
48412.5,1,0
48425,1,0
48437.5,1,0
48450,-1,0
48462.5,-1,0
48475,-1,0
48487.5,-1,0
48500,-1,0
48512.5,-1,0
48525,-1,0
48537.5,-1,0
48550,1,0
48562.5,1,0
48575,1,0
48587.5,1,0
48600,1,0
48612.5,1,0
48625,1,0
48637.5,1,0
48650,1,0
48662.5,1,0
48675,1,0
48687.5,1,0
48700,1,0
48712.5,1,0
48725,1,0
48737.5,1,0
48750,1,0
48762.5,1,0
48775,1,0
48787.5,1,0
48800,-1,0
48812.5,-1,0
48825,-1,0
48837.5,-1,0
48850,-1,0
48862.5,-1,0
48875,-1,0
48887.5,-1,0
48900,1,0
48912.5,1,0
48925,1,0
48937.5,1,0
48950,-1,0
48962.5,-1,0
48975,-1,0
48987.5,-1,0
49000,-1,0
49012.5,-1,0
49025,-1,0
49037.5,-1,0
49050,-1,0
49062.5,-1,0
49075,-1,0
49087.5,-1,0
49100,1,0
49112.5,1,0
49125,1,0
49137.5,1,0
49150,-1,0
49162.5,-1,0
49175,-1,0
49187.5,-1,0
49200,1,0
49212.5,1,0
49225,1,0
49237.5,1,0
49250,-1,0
49262.5,-1,0
49275,-1,0
49287.5,-1,0
49300,-1,0
49312.5,-1,0
49325,-1,0
49337.5,-1,0
49350,-1,0
49362.5,-1,0
49375,-1,0
49387.5,-1,0
49400,1,0
49412.5,1,0
49425,1,0
49437.5,1,0
49450,1,0
49462.5,1,0
49475,1,0
49487.5,1,0
49500,1,0
49512.5,1,0
49525,1,0
49537.5,1,0
49550,-1,0
49562.5,-1,0
49575,-1,0
49587.5,-1,0
49600,1,0
49612.5,1,0
49625,1,0
49637.5,1,0
49650,1,0
49662.5,1,0
49675,1,0
49687.5,1,0
49700,1,0
49712.5,1,0
49725,1,0
49737.5,1,0
49750,-1,0
49762.5,-1,0
49775,-1,0
49787.5,-1,0
49800,1,0
49812.5,1,0
49825,1,0
49837.5,1,0
49850,1,0
49862.5,1,0
49875,1,0
49887.5,1,0
49900,-1,0
49912.5,-1,0
49925,-1,0
49937.5,-1,0
49950,-1,0
49962.5,-1,0
49975,-1,0
49987.5,-1,0
50000,1,0
50012.5,1,0
50025,1,0
50037.5,1,0
50050,-1,0
50062.5,-1,0
50075,-1,0
50087.5,-1,0
50100,-1,0
50112.5,-1,0
50125,-1,0
50137.5,-1,0
50150,-1,0
50162.5,-1,0
50175,-1,0
50187.5,-1,0
50200,1,0
50212.5,1,0
50225,1,0
50237.5,1,0
50250,-1,0
50262.5,-1,0
50275,-1,0
50287.5,-1,0
50300,-1,0
50312.5,-1,0
50325,-1,0
50337.5,-1,0
50350,-1,0
50362.5,-1,0
50375,-1,0
50387.5,-1,0
50400,1,0
50412.5,1,0
50425,1,0
50437.5,1,0
50450,-1,0
50462.5,-1,0
50475,-1,0
50487.5,-1,0
50500,-1,0
50512.5,-1,0
50525,-1,0
50537.5,-1,0
50550,-1,0
50562.5,-1,0
50575,-1,0
50587.5,-1,0
50600,-1,0
50612.5,-1,0
50625,-1,0
50637.5,-1,0
50650,-1,0
50662.5,-1,0
50675,-1,0
50687.5,-1,0
50700,1,0
50712.5,1,0
50725,1,0
50737.5,1,0
50750,-1,0
50762.5,-1,0
50775,-1,0
50787.5,-1,0
50800,1,0
50812.5,1,0
50825,1,0
50837.5,1,0
50850,1,0
50862.5,1,0
50875,1,0
50887.5,1,0
50900,-1,0
50912.5,-1,0
50925,-1,0
50937.5,-1,0
50950,-1,0
50962.5,-1,0
50975,-1,0
50987.5,-1,0
51000,1,0
51012.5,1,0
51025,1,0
51037.5,1,0
51050,-1,0
51062.5,-1,0
51075,-1,0
51087.5,-1,0
51100,-1,0
51112.5,-1,0
51125,-1,0
51137.5,-1,0
51150,1,0
51162.5,1,0
51175,1,0
51187.5,1,0
51200,-1,0
51212.5,-1,0
51225,-1,0
51237.5,-1,0
51250,1,0
51262.5,1,0
51275,1,0
51287.5,1,0
51300,1,0
51312.5,1,0
51325,1,0
51337.5,1,0
51350,1,0
51362.5,1,0
51375,1,0
51387.5,1,0
51400,1,0
51412.5,1,0
51425,1,0
51437.5,1,0
51450,-1,0
51462.5,-1,0
51475,-1,0
51487.5,-1,0
51500,1,0
51512.5,1,0
51525,1,0
51537.5,1,0
51550,-1,0
51562.5,-1,0
51575,-1,0
51587.5,-1,0
51600,1,0
51612.5,1,0
51625,1,0
51637.5,1,0
51650,1,0
51662.5,1,0
51675,1,0
51687.5,1,0
51700,-1,0
51712.5,-1,0
51725,-1,0
51737.5,-1,0
51750,-1,0
51762.5,-1,0
51775,-1,0
51787.5,-1,0
51800,1,0
51812.5,1,0
51825,1,0
51837.5,1,0
51850,1,0
51862.5,1,0
51875,1,0
51887.5,1,0
51900,1,0
51912.5,1,0
51925,1,0
51937.5,1,0
51950,1,0
51962.5,1,0
51975,1,0
51987.5,1,0
52000,1,0
52012.5,1,0
52025,1,0
52037.5,1,0
52050,1,0
52062.5,1,0
52075,1,0
52087.5,1,0
52100,1,0
52112.5,1,0
52125,1,0
52137.5,1,0
52150,-1,0
52162.5,-1,0
52175,-1,0
52187.5,-1,0
52200,1,0
52212.5,1,0
52225,1,0
52237.5,1,0
52250,1,0
52262.5,1,0
52275,1,0
52287.5,1,0
52300,-1,0
52312.5,-1,0
52325,-1,0
52337.5,-1,0
52350,1,0
52362.5,1,0
52375,1,0
52387.5,1,0
52400,1,0
52412.5,1,0
52425,1,0
52437.5,1,0
52450,1,0
52462.5,1,0
52475,1,0
52487.5,1,0
52500,1,0
52512.5,1,0
52525,1,0
52537.5,1,0
52550,1,0
52562.5,1,0
52575,1,0
52587.5,1,0
52600,1,0
52612.5,1,0
52625,1,0
52637.5,1,0
52650,1,0
52662.5,1,0
52675,1,0
52687.5,1,0
52700,1,0
52712.5,1,0
52725,1,0
52737.5,1,0
52750,1,0
52762.5,1,0
52775,1,0
52787.5,1,0
52800,1,0
52812.5,1,0
52825,1,0
52837.5,1,0
52850,-1,0
52862.5,-1,0
52875,-1,0
52887.5,-1,0
52900,1,0
52912.5,1,0
52925,1,0
52937.5,1,0
52950,-1,0
52962.5,-1,0
52975,-1,0
52987.5,-1,0
53000,1,0
53012.5,1,0
53025,1,0
53037.5,1,0
53050,-1,0
53062.5,-1,0
53075,-1,0
53087.5,-1,0
53100,-1,0
53112.5,-1,0
53125,-1,0
53137.5,-1,0
53150,-1,0
53162.5,-1,0
53175,-1,0
53187.5,-1,0
53200,1,0
53212.5,1,0
53225,1,0
53237.5,1,0
53250,1,0
53262.5,1,0
53275,1,0
53287.5,1,0
53300,-1,0
53312.5,-1,0
53325,-1,0
53337.5,-1,0
53350,1,0
53362.5,1,0
53375,1,0
53387.5,1,0
53400,-1,0
53412.5,-1,0
53425,-1,0
53437.5,-1,0
53450,-1,0
53462.5,-1,0
53475,-1,0
53487.5,-1,0
53500,-1,0
53512.5,-1,0
53525,-1,0
53537.5,-1,0
53550,-1,0
53562.5,-1,0
53575,-1,0
53587.5,-1,0
53600,1,0
53612.5,1,0
53625,1,0
53637.5,1,0
53650,-1,0
53662.5,-1,0
53675,-1,0
53687.5,-1,0
53700,-1,0
53712.5,-1,0
53725,-1,0
53737.5,-1,0
53750,1,0
53762.5,1,0
53775,1,0
53787.5,1,0
53800,-1,0
53812.5,-1,0
53825,-1,0
53837.5,-1,0
53850,1,0
53862.5,1,0
53875,1,0
53887.5,1,0
53900,-1,0
53912.5,-1,0
53925,-1,0
53937.5,-1,0
53950,-1,0
53962.5,-1,0
53975,-1,0
53987.5,-1,0
54000,1,0
54012.5,1,0
54025,1,0
54037.5,1,0
54050,1,0
54062.5,1,0
54075,1,0
54087.5,1,0
54100,1,0
54112.5,1,0
54125,1,0
54137.5,1,0
54150,-1,0
54162.5,-1,0
54175,-1,0
54187.5,-1,0
54200,-1,0
54212.5,-1,0
54225,-1,0
54237.5,-1,0
54250,1,0
54262.5,1,0
54275,1,0
54287.5,1,0
54300,1,0
54312.5,1,0
54325,1,0
54337.5,1,0
54350,1,0
54362.5,1,0
54375,1,0
54387.5,1,0
54400,-1,0
54412.5,-1,0
54425,-1,0
54437.5,-1,0
54450,1,0
54462.5,1,0
54475,1,0
54487.5,1,0
54500,1,0
54512.5,1,0
54525,1,0
54537.5,1,0
54550,-1,0
54562.5,-1,0
54575,-1,0
54587.5,-1,0
54600,-1,0
54612.5,-1,0
54625,-1,0
54637.5,-1,0
54650,1,0
54662.5,1,0
54675,1,0
54687.5,1,0
54700,1,0
54712.5,1,0
54725,1,0
54737.5,1,0
54750,-1,0
54762.5,-1,0
54775,-1,0
54787.5,-1,0
54800,1,0
54812.5,1,0
54825,1,0
54837.5,1,0
54850,1,0
54862.5,1,0
54875,1,0
54887.5,1,0
54900,1,0
54912.5,1,0
54925,1,0
54937.5,1,0
54950,1,0
54962.5,1,0
54975,1,0
54987.5,1,0
55000,1,0
55012.5,1,0
55025,1,0
55037.5,1,0
55050,1,0
55062.5,1,0
55075,1,0
55087.5,1,0
55100,-1,0
55112.5,-1,0
55125,-1,0
55137.5,-1,0
55150,1,0
55162.5,1,0
55175,1,0
55187.5,1,0
55200,-1,0
55212.5,-1,0
55225,-1,0
55237.5,-1,0
55250,1,0
55262.5,1,0
55275,1,0
55287.5,1,0
55300,1,0
55312.5,1,0
55325,1,0
55337.5,1,0
55350,-1,0
55362.5,-1,0
55375,-1,0
55387.5,-1,0
55400,1,0
55412.5,1,0
55425,1,0
55437.5,1,0
55450,1,0
55462.5,1,0
55475,1,0
55487.5,1,0
55500,-1,0
55512.5,-1,0
55525,-1,0
55537.5,-1,0
55550,1,0
55562.5,1,0
55575,1,0
55587.5,1,0
55600,-1,0
55612.5,-1,0
55625,-1,0
55637.5,-1,0
55650,-1,0
55662.5,-1,0
55675,-1,0
55687.5,-1,0
55700,-1,0
55712.5,-1,0
55725,-1,0
55737.5,-1,0
55750,1,0
55762.5,1,0
55775,1,0
55787.5,1,0
55800,-1,0
55812.5,-1,0
55825,-1,0
55837.5,-1,0
55850,-1,0
55862.5,-1,0
55875,-1,0
55887.5,-1,0
55900,1,0
55912.5,1,0
55925,1,0
55937.5,1,0
55950,1,0
55962.5,1,0
55975,1,0
55987.5,1,0
56000,-1,0
56012.5,-1,0
56025,-1,0
56037.5,-1,0
56050,-1,0
56062.5,-1,0
56075,-1,0
56087.5,-1,0
56100,-1,0
56112.5,-1,0
56125,-1,0
56137.5,-1,0
56150,1,0
56162.5,1,0
56175,1,0
56187.5,1,0
56200,-1,0
56212.5,-1,0
56225,-1,0
56237.5,-1,0
56250,-1,0
56262.5,-1,0
56275,-1,0
56287.5,-1,0
56300,1,0
56312.5,1,0
56325,1,0
56337.5,1,0
56350,-1,0
56362.5,-1,0
56375,-1,0
56387.5,-1,0
56400,1,0
56412.5,1,0
56425,1,0
56437.5,1,0
56450,-1,0
56462.5,-1,0
56475,-1,0
56487.5,-1,0
56500,1,0
56512.5,1,0
56525,1,0
56537.5,1,0
56550,1,0
56562.5,1,0
56575,1,0
56587.5,1,0
56600,-1,0
56612.5,-1,0
56625,-1,0
56637.5,-1,0
56650,1,0
56662.5,1,0
56675,1,0
56687.5,1,0
56700,1,0
56712.5,1,0
56725,1,0
56737.5,1,0
56750,1,0
56762.5,1,0
56775,1,0
56787.5,1,0
56800,-1,0
56812.5,-1,0
56825,-1,0
56837.5,-1,0
56850,1,0
56862.5,1,0
56875,1,0
56887.5,1,0
56900,1,0
56912.5,1,0
56925,1,0
56937.5,1,0
56950,1,0
56962.5,1,0
56975,1,0
56987.5,1,0
57000,1,0
57012.5,1,0
57025,1,0
57037.5,1,0
57050,-1,0
57062.5,-1,0
57075,-1,0
57087.5,-1,0
57100,1,0
57112.5,1,0
57125,1,0
57137.5,1,0
57150,1,0
57162.5,1,0
57175,1,0
57187.5,1,0
57200,-1,0
57212.5,-1,0
57225,-1,0
57237.5,-1,0
57250,1,0
57262.5,1,0
57275,1,0
57287.5,1,0
57300,1,0
57312.5,1,0
57325,1,0
57337.5,1,0
57350,-1,0
57362.5,-1,0
57375,-1,0
57387.5,-1,0
57400,1,0
57412.5,1,0
57425,1,0
57437.5,1,0
57450,-1,0
57462.5,-1,0
57475,-1,0
57487.5,-1,0
57500,1,0
57512.5,1,0
57525,1,0
57537.5,1,0
57550,-1,0
57562.5,-1,0
57575,-1,0
57587.5,-1,0
57600,-1,0
57612.5,-1,0
57625,-1,0
57637.5,-1,0
57650,-1,0
57662.5,-1,0
57675,-1,0
57687.5,-1,0
57700,1,0
57712.5,1,0
57725,1,0
57737.5,1,0
57750,-1,0
57762.5,-1,0
57775,-1,0
57787.5,-1,0
57800,-1,0
57812.5,-1,0
57825,-1,0
57837.5,-1,0
57850,-1,0
57862.5,-1,0
57875,-1,0
57887.5,-1,0
57900,-1,0
57912.5,-1,0
57925,-1,0
57937.5,-1,0
57950,1,0
57962.5,1,0
57975,1,0
57987.5,1,0
58000,1,0
58012.5,1,0
58025,1,0
58037.5,1,0
58050,1,0
58062.5,1,0
58075,1,0
58087.5,1,0
58100,1,0
58112.5,1,0
58125,1,0
58137.5,1,0
58150,-1,0
58162.5,-1,0
58175,-1,0
58187.5,-1,0
58200,1,0
58212.5,1,0
58225,1,0
58237.5,1,0
58250,1,0
58262.5,1,0
58275,1,0
58287.5,1,0
58300,1,0
58312.5,1,0
58325,1,0
58337.5,1,0
58350,-1,0
58362.5,-1,0
58375,-1,0
58387.5,-1,0
58400,1,0
58412.5,1,0
58425,1,0
58437.5,1,0
58450,1,0
58462.5,1,0
58475,1,0
58487.5,1,0
58500,1,0
58512.5,1,0
58525,1,0
58537.5,1,0
58550,-1,0
58562.5,-1,0
58575,-1,0
58587.5,-1,0
58600,-1,0
58612.5,-1,0
58625,-1,0
58637.5,-1,0
58650,-1,0
58662.5,-1,0
58675,-1,0
58687.5,-1,0
58700,1,0
58712.5,1,0
58725,1,0
58737.5,1,0
58750,1,0
58762.5,1,0
58775,1,0
58787.5,1,0
58800,-1,0
58812.5,-1,0
58825,-1,0
58837.5,-1,0
58850,-1,0
58862.5,-1,0
58875,-1,0
58887.5,-1,0
58900,-1,0
58912.5,-1,0
58925,-1,0
58937.5,-1,0
58950,1,0
58962.5,1,0
58975,1,0
58987.5,1,0
59000,1,0
59012.5,1,0
59025,1,0
59037.5,1,0
59050,1,0
59062.5,1,0
59075,1,0
59087.5,1,0
59100,1,0
59112.5,1,0
59125,1,0
59137.5,1,0
59150,1,0
59162.5,1,0
59175,1,0
59187.5,1,0
59200,1,0
59212.5,1,0
59225,1,0
59237.5,1,0
59250,-1,0
59262.5,-1,0
59275,-1,0
59287.5,-1,0
59300,-1,0
59312.5,-1,0
59325,-1,0
59337.5,-1,0
59350,1,0
59362.5,1,0
59375,1,0
59387.5,1,0
59400,1,0
59412.5,1,0
59425,1,0
59437.5,1,0
59450,-1,0
59462.5,-1,0
59475,-1,0
59487.5,-1,0
59500,-1,0
59512.5,-1,0
59525,-1,0
59537.5,-1,0
59550,1,0
59562.5,1,0
59575,1,0
59587.5,1,0
59600,-1,0
59612.5,-1,0
59625,-1,0
59637.5,-1,0
59650,-1,0
59662.5,-1,0
59675,-1,0
59687.5,-1,0
59700,-1,0
59712.5,-1,0
59725,-1,0
59737.5,-1,0
59750,1,0
59762.5,1,0
59775,1,0
59787.5,1,0
59800,1,0
59812.5,1,0
59825,1,0
59837.5,1,0
59850,-1,0
59862.5,-1,0
59875,-1,0
59887.5,-1,0
59900,1,0
59912.5,1,0
59925,1,0
59937.5,1,0
59950,1,0
59962.5,1,0
59975,1,0
59987.5,1,0
60000,1,0
60012.5,1,0
60025,1,0
60037.5,1,0
60050,1,0
60062.5,1,0
60075,1,0
60087.5,1,0
60100,1,0
60112.5,1,0
60125,1,0
60137.5,1,0
60150,-1,0
60162.5,-1,0
60175,-1,0
60187.5,-1,0
60200,-1,0
60212.5,-1,0
60225,-1,0
60237.5,-1,0
60250,-1,0
60262.5,-1,0
60275,-1,0
60287.5,-1,0
60300,-1,0
60312.5,-1,0
60325,-1,0
60337.5,-1,0
60350,-1,0
60362.5,-1,0
60375,-1,0
60387.5,-1,0
60400,-1,0
60412.5,-1,0
60425,-1,0
60437.5,-1,0
60450,1,0
60462.5,1,0
60475,1,0
60487.5,1,0
60500,1,0
60512.5,1,0
60525,1,0
60537.5,1,0
60550,1,0
60562.5,1,0
60575,1,0
60587.5,1,0
60600,1,0
60612.5,1,0
60625,1,0
60637.5,1,0
60650,1,0
60662.5,1,0
60675,1,0
60687.5,1,0
60700,1,0
60712.5,1,0
60725,1,0
60737.5,1,0
60750,1,0
60762.5,1,0
60775,1,0
60787.5,1,0
60800,1,0
60812.5,1,0
60825,1,0
60837.5,1,0
60850,-1,0
60862.5,-1,0
60875,-1,0
60887.5,-1,0
60900,-1,0
60912.5,-1,0
60925,-1,0
60937.5,-1,0
60950,1,0
60962.5,1,0
60975,1,0
60987.5,1,0
61000,-1,0
61012.5,-1,0
61025,-1,0
61037.5,-1,0
61050,1,0
61062.5,1,0
61075,1,0
61087.5,1,0
61100,1,0
61112.5,1,0
61125,1,0
61137.5,1,0
61150,-1,0
61162.5,-1,0
61175,-1,0
61187.5,-1,0
61200,1,0
61212.5,1,0
61225,1,0
61237.5,1,0
61250,-1,0
61262.5,-1,0
61275,-1,0
61287.5,-1,0
61300,-1,0
61312.5,-1,0
61325,-1,0
61337.5,-1,0
61350,-1,0
61362.5,-1,0
61375,-1,0
61387.5,-1,0
61400,1,0
61412.5,1,0
61425,1,0
61437.5,1,0
61450,1,0
61462.5,1,0
61475,1,0
61487.5,1,0
61500,-1,0
61512.5,-1,0
61525,-1,0
61537.5,-1,0
61550,-1,0
61562.5,-1,0
61575,-1,0
61587.5,-1,0
61600,1,0
61612.5,1,0
61625,1,0
61637.5,1,0
61650,1,0
61662.5,1,0
61675,1,0
61687.5,1,0
61700,1,0
61712.5,1,0
61725,1,0
61737.5,1,0
61750,1,0
61762.5,1,0
61775,1,0
61787.5,1,0
61800,1,0
61812.5,1,0
61825,1,0
61837.5,1,0
61850,-1,0
61862.5,-1,0
61875,-1,0
61887.5,-1,0
61900,1,0
61912.5,1,0
61925,1,0
61937.5,1,0
61950,1,0
61962.5,1,0
61975,1,0
61987.5,1,0
62000,1,0
62012.5,1,0
62025,1,0
62037.5,1,0
62050,-1,0
62062.5,-1,0
62075,-1,0
62087.5,-1,0
62100,1,0
62112.5,1,0
62125,1,0
62137.5,1,0
62150,-1,0
62162.5,-1,0
62175,-1,0
62187.5,-1,0
62200,1,0
62212.5,1,0
62225,1,0
62237.5,1,0
62250,1,0
62262.5,1,0
62275,1,0
62287.5,1,0
62300,-1,0
62312.5,-1,0
62325,-1,0
62337.5,-1,0
62350,1,0
62362.5,1,0
62375,1,0
62387.5,1,0
62400,-1,0
62412.5,-1,0
62425,-1,0
62437.5,-1,0
62450,-1,0
62462.5,-1,0
62475,-1,0
62487.5,-1,0
62500,-1,0
62512.5,-1,0
62525,-1,0
62537.5,-1,0
62550,-1,0
62562.5,-1,0
62575,-1,0
62587.5,-1,0
62600,1,0
62612.5,1,0
62625,1,0
62637.5,1,0
62650,1,0
62662.5,1,0
62675,1,0
62687.5,1,0
62700,-1,0
62712.5,-1,0
62725,-1,0
62737.5,-1,0
62750,-1,0
62762.5,-1,0
62775,-1,0
62787.5,-1,0
62800,-1,0
62812.5,-1,0
62825,-1,0
62837.5,-1,0
62850,-1,0
62862.5,-1,0
62875,-1,0
62887.5,-1,0
62900,1,0
62912.5,1,0
62925,1,0
62937.5,1,0
62950,1,0
62962.5,1,0
62975,1,0
62987.5,1,0
63000,1,0
63012.5,1,0
63025,1,0
63037.5,1,0
63050,1,0
63062.5,1,0
63075,1,0
63087.5,1,0
63100,-1,0
63112.5,-1,0
63125,-1,0
63137.5,-1,0
63150,-1,0
63162.5,-1,0
63175,-1,0
63187.5,-1,0
63200,1,0
63212.5,1,0
63225,1,0
63237.5,1,0
63250,-1,0
63262.5,-1,0
63275,-1,0
63287.5,-1,0
63300,-1,0
63312.5,-1,0
63325,-1,0
63337.5,-1,0
63350,-1,0
63362.5,-1,0
63375,-1,0
63387.5,-1,0
63400,-1,0
63412.5,-1,0
63425,-1,0
63437.5,-1,0
63450,-1,0
63462.5,-1,0
63475,-1,0
63487.5,-1,0
63500,-1,0
63512.5,-1,0
63525,-1,0
63537.5,-1,0
63550,-1,0
63562.5,-1,0
63575,-1,0
63587.5,-1,0
63600,1,0
63612.5,1,0
63625,1,0
63637.5,1,0
63650,1,0
63662.5,1,0
63675,1,0
63687.5,1,0
63700,-1,0
63712.5,-1,0
63725,-1,0
63737.5,-1,0
63750,1,0
63762.5,1,0
63775,1,0
63787.5,1,0
63800,1,0
63812.5,1,0
63825,1,0
63837.5,1,0
63850,1,0
63862.5,1,0
63875,1,0
63887.5,1,0
63900,1,0
63912.5,1,0
63925,1,0
63937.5,1,0
63950,-1,0
63962.5,-1,0
63975,-1,0
63987.5,-1,0
64000,-1,0
64012.5,-1,0
64025,-1,0
64037.5,-1,0
64050,1,0
64062.5,1,0
64075,1,0
64087.5,1,0
64100,-1,0
64112.5,-1,0
64125,-1,0
64137.5,-1,0
64150,1,0
64162.5,1,0
64175,1,0
64187.5,1,0
64200,1,0
64212.5,1,0
64225,1,0
64237.5,1,0
64250,1,0
64262.5,1,0
64275,1,0
64287.5,1,0
64300,1,0
64312.5,1,0
64325,1,0
64337.5,1,0
64350,1,0
64362.5,1,0
64375,1,0
64387.5,1,0
64400,-1,0
64412.5,-1,0
64425,-1,0
64437.5,-1,0
64450,1,0
64462.5,1,0
64475,1,0
64487.5,1,0
64500,-1,0
64512.5,-1,0
64525,-1,0
64537.5,-1,0
64550,-1,0
64562.5,-1,0
64575,-1,0
64587.5,-1,0
64600,-1,0
64612.5,-1,0
64625,-1,0
64637.5,-1,0
64650,-1,0
64662.5,-1,0
64675,-1,0
64687.5,-1,0
64700,-1,0
64712.5,-1,0
64725,-1,0
64737.5,-1,0
64750,1,0
64762.5,1,0
64775,1,0
64787.5,1,0
64800,-1,0
64812.5,-1,0
64825,-1,0
64837.5,-1,0
64850,-1,0
64862.5,-1,0
64875,-1,0
64887.5,-1,0
64900,-1,0
64912.5,-1,0
64925,-1,0
64937.5,-1,0
64950,1,0
64962.5,1,0
64975,1,0
64987.5,1,0
65000,1,0
65012.5,1,0
65025,1,0
65037.5,1,0
65050,-1,0
65062.5,-1,0
65075,-1,0
65087.5,-1,0
65100,-1,0
65112.5,-1,0
65125,-1,0
65137.5,-1,0
65150,-1,0
65162.5,-1,0
65175,-1,0
65187.5,-1,0
65200,-1,0
65212.5,-1,0
65225,-1,0
65237.5,-1,0
65250,-1,0
65262.5,-1,0
65275,-1,0
65287.5,-1,0
65300,-1,0
65312.5,-1,0
65325,-1,0
65337.5,-1,0
65350,-1,0
65362.5,-1,0
65375,-1,0
65387.5,-1,0
65400,-1,0
65412.5,-1,0
65425,-1,0
65437.5,-1,0
65450,1,0
65462.5,1,0
65475,1,0
65487.5,1,0
65500,-1,0
65512.5,-1,0
65525,-1,0
65537.5,-1,0
65550,1,0
65562.5,1,0
65575,1,0
65587.5,1,0
65600,1,0
65612.5,1,0
65625,1,0
65637.5,1,0
65650,-1,0
65662.5,-1,0
65675,-1,0
65687.5,-1,0
65700,1,0
65712.5,1,0
65725,1,0
65737.5,1,0
65750,1,0
65762.5,1,0
65775,1,0
65787.5,1,0
65800,1,0
65812.5,1,0
65825,1,0
65837.5,1,0
65850,-1,0
65862.5,-1,0
65875,-1,0
65887.5,-1,0
65900,-1,0
65912.5,-1,0
65925,-1,0
65937.5,-1,0
65950,1,0
65962.5,1,0
65975,1,0
65987.5,1,0
66000,-1,0
66012.5,-1,0
66025,-1,0
66037.5,-1,0
66050,1,0
66062.5,1,0
66075,1,0
66087.5,1,0
66100,1,0
66112.5,1,0
66125,1,0
66137.5,1,0
66150,-1,0
66162.5,-1,0
66175,-1,0
66187.5,-1,0
66200,-1,0
66212.5,-1,0
66225,-1,0
66237.5,-1,0
66250,-1,0
66262.5,-1,0
66275,-1,0
66287.5,-1,0
66300,1,0
66312.5,1,0
66325,1,0
66337.5,1,0
66350,-1,0
66362.5,-1,0
66375,-1,0
66387.5,-1,0
66400,-1,0
66412.5,-1,0
66425,-1,0
66437.5,-1,0
66450,-1,0
66462.5,-1,0
66475,-1,0
66487.5,-1,0
66500,1,0
66512.5,1,0
66525,1,0
66537.5,1,0
66550,-1,0
66562.5,-1,0
66575,-1,0
66587.5,-1,0
66600,1,0
66612.5,1,0
66625,1,0
66637.5,1,0
66650,-1,0
66662.5,-1,0
66675,-1,0
66687.5,-1,0
66700,1,0
66712.5,1,0
66725,1,0
66737.5,1,0
66750,-1,0
66762.5,-1,0
66775,-1,0
66787.5,-1,0
66800,-1,0
66812.5,-1,0
66825,-1,0
66837.5,-1,0
66850,1,0
66862.5,1,0
66875,1,0
66887.5,1,0
66900,-1,0
66912.5,-1,0
66925,-1,0
66937.5,-1,0
66950,1,0
66962.5,1,0
66975,1,0
66987.5,1,0
67000,-1,0
67012.5,-1,0
67025,-1,0
67037.5,-1,0
67050,1,0
67062.5,1,0
67075,1,0
67087.5,1,0
67100,1,0
67112.5,1,0
67125,1,0
67137.5,1,0
67150,1,0
67162.5,1,0
67175,1,0
67187.5,1,0
67200,1,0
67212.5,1,0
67225,1,0
67237.5,1,0
67250,-1,0
67262.5,-1,0
67275,-1,0
67287.5,-1,0
67300,1,0
67312.5,1,0
67325,1,0
67337.5,1,0
67350,1,0
67362.5,1,0
67375,1,0
67387.5,1,0
67400,-1,0
67412.5,-1,0
67425,-1,0
67437.5,-1,0
67450,-1,0
67462.5,-1,0
67475,-1,0
67487.5,-1,0
67500,1,0
67512.5,1,0
67525,1,0
67537.5,1,0
67550,1,0
67562.5,1,0
67575,1,0
67587.5,1,0
67600,1,0
67612.5,1,0
67625,1,0
67637.5,1,0
67650,1,0
67662.5,1,0
67675,1,0
67687.5,1,0
67700,-1,0
67712.5,-1,0
67725,-1,0
67737.5,-1,0
67750,1,0
67762.5,1,0
67775,1,0
67787.5,1,0
67800,-1,0
67812.5,-1,0
67825,-1,0
67837.5,-1,0
67850,-1,0
67862.5,-1,0
67875,-1,0
67887.5,-1,0
67900,-1,0
67912.5,-1,0
67925,-1,0
67937.5,-1,0
67950,-1,0
67962.5,-1,0
67975,-1,0
67987.5,-1,0
68000,1,0
68012.5,1,0
68025,1,0
68037.5,1,0
68050,1,0
68062.5,1,0
68075,1,0
68087.5,1,0
68100,1,0
68112.5,1,0
68125,1,0
68137.5,1,0
68150,-1,0
68162.5,-1,0
68175,-1,0
68187.5,-1,0
68200,1,0
68212.5,1,0
68225,1,0
68237.5,1,0
68250,-1,0
68262.5,-1,0
68275,-1,0
68287.5,-1,0
68300,-1,0
68312.5,-1,0
68325,-1,0
68337.5,-1,0
68350,-1,0
68362.5,-1,0
68375,-1,0
68387.5,-1,0
68400,-1,0
68412.5,-1,0
68425,-1,0
68437.5,-1,0
68450,1,0
68462.5,1,0
68475,1,0
68487.5,1,0
68500,-1,0
68512.5,-1,0
68525,-1,0
68537.5,-1,0
68550,1,0
68562.5,1,0
68575,1,0
68587.5,1,0
68600,1,0
68612.5,1,0
68625,1,0
68637.5,1,0
68650,1,0
68662.5,1,0
68675,1,0
68687.5,1,0
68700,1,0
68712.5,1,0
68725,1,0
68737.5,1,0
68750,1,0
68762.5,1,0
68775,1,0
68787.5,1,0
68800,1,0
68812.5,1,0
68825,1,0
68837.5,1,0
68850,-1,0
68862.5,-1,0
68875,-1,0
68887.5,-1,0
68900,1,0
68912.5,1,0
68925,1,0
68937.5,1,0
68950,1,0
68962.5,1,0
68975,1,0
68987.5,1,0
69000,1,0
69012.5,1,0
69025,1,0
69037.5,1,0
69050,-1,0
69062.5,-1,0
69075,-1,0
69087.5,-1,0
69100,-1,0
69112.5,-1,0
69125,-1,0
69137.5,-1,0
69150,-1,0
69162.5,-1,0
69175,-1,0
69187.5,-1,0
69200,-1,0
69212.5,-1,0
69225,-1,0
69237.5,-1,0
69250,1,0
69262.5,1,0
69275,1,0
69287.5,1,0
69300,1,0
69312.5,1,0
69325,1,0
69337.5,1,0
69350,-1,0
69362.5,-1,0
69375,-1,0
69387.5,-1,0
69400,1,0
69412.5,1,0
69425,1,0
69437.5,1,0
69450,-1,0
69462.5,-1,0
69475,-1,0
69487.5,-1,0
69500,-1,0
69512.5,-1,0
69525,-1,0
69537.5,-1,0
69550,1,0
69562.5,1,0
69575,1,0
69587.5,1,0
69600,1,0
69612.5,1,0
69625,1,0
69637.5,1,0
69650,-1,0
69662.5,-1,0
69675,-1,0
69687.5,-1,0
69700,1,0
69712.5,1,0
69725,1,0
69737.5,1,0
69750,1,0
69762.5,1,0
69775,1,0
69787.5,1,0
69800,1,0
69812.5,1,0
69825,1,0
69837.5,1,0
69850,-1,0
69862.5,-1,0
69875,-1,0
69887.5,-1,0
69900,-1,0
69912.5,-1,0
69925,-1,0
69937.5,-1,0
69950,-1,0
69962.5,-1,0
69975,-1,0
69987.5,-1,0
70000,1,0
70012.5,1,0
70025,1,0
70037.5,1,0
70050,-1,0
70062.5,-1,0
70075,-1,0
70087.5,-1,0
70100,-1,0
70112.5,-1,0
70125,-1,0
70137.5,-1,0
70150,1,0
70162.5,1,0
70175,1,0
70187.5,1,0
70200,-1,0
70212.5,-1,0
70225,-1,0
70237.5,-1,0
70250,-1,0
70262.5,-1,0
70275,-1,0
70287.5,-1,0
70300,-1,0
70312.5,-1,0
70325,-1,0
70337.5,-1,0
70350,-1,0
70362.5,-1,0
70375,-1,0
70387.5,-1,0
70400,1,0
70412.5,1,0
70425,1,0
70437.5,1,0
70450,1,0
70462.5,1,0
70475,1,0
70487.5,1,0
70500,-1,0
70512.5,-1,0
70525,-1,0
70537.5,-1,0
70550,-1,0
70562.5,-1,0
70575,-1,0
70587.5,-1,0
70600,1,0
70612.5,1,0
70625,1,0
70637.5,1,0
70650,-1,0
70662.5,-1,0
70675,-1,0
70687.5,-1,0
70700,-1,0
70712.5,-1,0
70725,-1,0
70737.5,-1,0
70750,1,0
70762.5,1,0
70775,1,0
70787.5,1,0
70800,-1,0
70812.5,-1,0
70825,-1,0
70837.5,-1,0
70850,-1,0
70862.5,-1,0
70875,-1,0
70887.5,-1,0
70900,1,0
70912.5,1,0
70925,1,0
70937.5,1,0
70950,-1,0
70962.5,-1,0
70975,-1,0
70987.5,-1,0
71000,1,0
71012.5,1,0
71025,1,0
71037.5,1,0
71050,1,0
71062.5,1,0
71075,1,0
71087.5,1,0
71100,-1,0
71112.5,-1,0
71125,-1,0
71137.5,-1,0
71150,1,0
71162.5,1,0
71175,1,0
71187.5,1,0
71200,1,0
71212.5,1,0
71225,1,0
71237.5,1,0
71250,1,0
71262.5,1,0
71275,1,0
71287.5,1,0
71300,1,0
71312.5,1,0
71325,1,0
71337.5,1,0
71350,-1,0
71362.5,-1,0
71375,-1,0
71387.5,-1,0
71400,-1,0
71412.5,-1,0
71425,-1,0
71437.5,-1,0
71450,-1,0
71462.5,-1,0
71475,-1,0
71487.5,-1,0
71500,-1,0
71512.5,-1,0
71525,-1,0
71537.5,-1,0
71550,-1,0
71562.5,-1,0
71575,-1,0
71587.5,-1,0
71600,1,0
71612.5,1,0
71625,1,0
71637.5,1,0
71650,-1,0
71662.5,-1,0
71675,-1,0
71687.5,-1,0
71700,-1,0
71712.5,-1,0
71725,-1,0
71737.5,-1,0
71750,-1,0
71762.5,-1,0
71775,-1,0
71787.5,-1,0
71800,-1,0
71812.5,-1,0
71825,-1,0
71837.5,-1,0
71850,1,0
71862.5,1,0
71875,1,0
71887.5,1,0
71900,1,0
71912.5,1,0
71925,1,0
71937.5,1,0
71950,-1,0
71962.5,-1,0
71975,-1,0
71987.5,-1,0
72000,1,0
72012.5,1,0
72025,1,0
72037.5,1,0
72050,1,0
72062.5,1,0
72075,1,0
72087.5,1,0
72100,1,0
72112.5,1,0
72125,1,0
72137.5,1,0
72150,-1,0
72162.5,-1,0
72175,-1,0
72187.5,-1,0
72200,-1,0
72212.5,-1,0
72225,-1,0
72237.5,-1,0
72250,1,0
72262.5,1,0
72275,1,0
72287.5,1,0
72300,1,0
72312.5,1,0
72325,1,0
72337.5,1,0
72350,1,0
72362.5,1,0
72375,1,0
72387.5,1,0
72400,-1,0
72412.5,-1,0
72425,-1,0
72437.5,-1,0
72450,-1,0
72462.5,-1,0
72475,-1,0
72487.5,-1,0
72500,1,0
72512.5,1,0
72525,1,0
72537.5,1,0
72550,1,0
72562.5,1,0
72575,1,0
72587.5,1,0
72600,-1,0
72612.5,-1,0
72625,-1,0
72637.5,-1,0
72650,-1,0
72662.5,-1,0
72675,-1,0
72687.5,-1,0
72700,-1,0
72712.5,-1,0
72725,-1,0
72737.5,-1,0
72750,1,0
72762.5,1,0
72775,1,0
72787.5,1,0
72800,1,0
72812.5,1,0
72825,1,0
72837.5,1,0
72850,1,0
72862.5,1,0
72875,1,0
72887.5,1,0
72900,-1,0
72912.5,-1,0
72925,-1,0
72937.5,-1,0
72950,1,0
72962.5,1,0
72975,1,0
72987.5,1,0
73000,-1,0
73012.5,-1,0
73025,-1,0
73037.5,-1,0
73050,-1,0
73062.5,-1,0
73075,-1,0
73087.5,-1,0
73100,1,0
73112.5,1,0
73125,1,0
73137.5,1,0
73150,-1,0
73162.5,-1,0
73175,-1,0
73187.5,-1,0
73200,-1,0
73212.5,-1,0
73225,-1,0
73237.5,-1,0
73250,-1,0
73262.5,-1,0
73275,-1,0
73287.5,-1,0
73300,-1,0
73312.5,-1,0
73325,-1,0
73337.5,-1,0
73350,-1,0
73362.5,-1,0
73375,-1,0
73387.5,-1,0
73400,-1,0
73412.5,-1,0
73425,-1,0
73437.5,-1,0
73450,1,0
73462.5,1,0
73475,1,0
73487.5,1,0
73500,1,0
73512.5,1,0
73525,1,0
73537.5,1,0
73550,-1,0
73562.5,-1,0
73575,-1,0
73587.5,-1,0
73600,-1,0
73612.5,-1,0
73625,-1,0
73637.5,-1,0
73650,-1,0
73662.5,-1,0
73675,-1,0
73687.5,-1,0
73700,-1,0
73712.5,-1,0
73725,-1,0
73737.5,-1,0
73750,-1,0
73762.5,-1,0
73775,-1,0
73787.5,-1,0
73800,1,0
73812.5,1,0
73825,1,0
73837.5,1,0
73850,-1,0
73862.5,-1,0
73875,-1,0
73887.5,-1,0
73900,1,0
73912.5,1,0
73925,1,0
73937.5,1,0
73950,1,0
73962.5,1,0
73975,1,0
73987.5,1,0
74000,1,0
74012.5,1,0
74025,1,0
74037.5,1,0
74050,-1,0
74062.5,-1,0
74075,-1,0
74087.5,-1,0
74100,-1,0
74112.5,-1,0
74125,-1,0
74137.5,-1,0
74150,-1,0
74162.5,-1,0
74175,-1,0
74187.5,-1,0
74200,1,0
74212.5,1,0
74225,1,0
74237.5,1,0
74250,-1,0
74262.5,-1,0
74275,-1,0
74287.5,-1,0
74300,1,0
74312.5,1,0
74325,1,0
74337.5,1,0
74350,1,0
74362.5,1,0
74375,1,0
74387.5,1,0
74400,1,0
74412.5,1,0
74425,1,0
74437.5,1,0
74450,-1,0
74462.5,-1,0
74475,-1,0
74487.5,-1,0
74500,1,0
74512.5,1,0
74525,1,0
74537.5,1,0
74550,1,0
74562.5,1,0
74575,1,0
74587.5,1,0
74600,-1,0
74612.5,-1,0
74625,-1,0
74637.5,-1,0
74650,1,0
74662.5,1,0
74675,1,0
74687.5,1,0
74700,-1,0
74712.5,-1,0
74725,-1,0
74737.5,-1,0
74750,1,0
74762.5,1,0
74775,1,0
74787.5,1,0
74800,1,0
74812.5,1,0
74825,1,0
74837.5,1,0
74850,1,0
74862.5,1,0
74875,1,0
74887.5,1,0
74900,1,0
74912.5,1,0
74925,1,0
74937.5,1,0
74950,-1,0
74962.5,-1,0
74975,-1,0
74987.5,-1,0
75000,1,0
75012.5,1,0
75025,1,0
75037.5,1,0
75050,-1,0
75062.5,-1,0
75075,-1,0
75087.5,-1,0
75100,-1,0
75112.5,-1,0
75125,-1,0
75137.5,-1,0
75150,1,0
75162.5,1,0
75175,1,0
75187.5,1,0
75200,1,0
75212.5,1,0
75225,1,0
75237.5,1,0
75250,-1,0
75262.5,-1,0
75275,-1,0
75287.5,-1,0
75300,-1,0
75312.5,-1,0
75325,-1,0
75337.5,-1,0
75350,-1,0
75362.5,-1,0
75375,-1,0
75387.5,-1,0
75400,-1,0
75412.5,-1,0
75425,-1,0
75437.5,-1,0
75450,1,0
75462.5,1,0
75475,1,0
75487.5,1,0
75500,1,0
75512.5,1,0
75525,1,0
75537.5,1,0
75550,-1,0
75562.5,-1,0
75575,-1,0
75587.5,-1,0
75600,1,0
75612.5,1,0
75625,1,0
75637.5,1,0
75650,1,0
75662.5,1,0
75675,1,0
75687.5,1,0
75700,-1,0
75712.5,-1,0
75725,-1,0
75737.5,-1,0
75750,-1,0
75762.5,-1,0
75775,-1,0
75787.5,-1,0
75800,1,0
75812.5,1,0
75825,1,0
75837.5,1,0
75850,1,0
75862.5,1,0
75875,1,0
75887.5,1,0
75900,-1,0
75912.5,-1,0
75925,-1,0
75937.5,-1,0
75950,-1,0
75962.5,-1,0
75975,-1,0
75987.5,-1,0
76000,1,0
76012.5,1,0
76025,1,0
76037.5,1,0
76050,-1,0
76062.5,-1,0
76075,-1,0
76087.5,-1,0
76100,1,0
76112.5,1,0
76125,1,0
76137.5,1,0
76150,-1,0
76162.5,-1,0
76175,-1,0
76187.5,-1,0
76200,-1,0
76212.5,-1,0
76225,-1,0
76237.5,-1,0
76250,1,0
76262.5,1,0
76275,1,0
76287.5,1,0
76300,1,0
76312.5,1,0
76325,1,0
76337.5,1,0
76350,-1,0
76362.5,-1,0
76375,-1,0
76387.5,-1,0
76400,-1,0
76412.5,-1,0
76425,-1,0
76437.5,-1,0
76450,1,0
76462.5,1,0
76475,1,0
76487.5,1,0
76500,1,0
76512.5,1,0
76525,1,0
76537.5,1,0
76550,-1,0
76562.5,-1,0
76575,-1,0
76587.5,-1,0
76600,-1,0
76612.5,-1,0
76625,-1,0
76637.5,-1,0
76650,1,0
76662.5,1,0
76675,1,0
76687.5,1,0
76700,1,0
76712.5,1,0
76725,1,0
76737.5,1,0
76750,1,0
76762.5,1,0
76775,1,0
76787.5,1,0
76800,1,0
76812.5,1,0
76825,1,0
76837.5,1,0
76850,-1,0
76862.5,-1,0
76875,-1,0
76887.5,-1,0
76900,-1,0
76912.5,-1,0
76925,-1,0
76937.5,-1,0
76950,-1,0
76962.5,-1,0
76975,-1,0
76987.5,-1,0
77000,1,0
77012.5,1,0
77025,1,0
77037.5,1,0
77050,-1,0
77062.5,-1,0
77075,-1,0
77087.5,-1,0
77100,1,0
77112.5,1,0
77125,1,0
77137.5,1,0
77150,-1,0
77162.5,-1,0
77175,-1,0
77187.5,-1,0
77200,-1,0
77212.5,-1,0
77225,-1,0
77237.5,-1,0
77250,1,0
77262.5,1,0
77275,1,0
77287.5,1,0
77300,-1,0
77312.5,-1,0
77325,-1,0
77337.5,-1,0
77350,-1,0
77362.5,-1,0
77375,-1,0
77387.5,-1,0
77400,-1,0
77412.5,-1,0
77425,-1,0
77437.5,-1,0
77450,1,0
77462.5,1,0
77475,1,0
77487.5,1,0
77500,1,0
77512.5,1,0
77525,1,0
77537.5,1,0
77550,1,0
77562.5,1,0
77575,1,0
77587.5,1,0
77600,-1,0
77612.5,-1,0
77625,-1,0
77637.5,-1,0
77650,-1,0
77662.5,-1,0
77675,-1,0
77687.5,-1,0
77700,-1,0
77712.5,-1,0
77725,-1,0
77737.5,-1,0
77750,-1,0
77762.5,-1,0
77775,-1,0
77787.5,-1,0
77800,1,0
77812.5,1,0
77825,1,0
77837.5,1,0
77850,-1,0
77862.5,-1,0
77875,-1,0
77887.5,-1,0
77900,1,0
77912.5,1,0
77925,1,0
77937.5,1,0
77950,-1,0
77962.5,-1,0
77975,-1,0
77987.5,-1,0
78000,1,0
78012.5,1,0
78025,1,0
78037.5,1,0
78050,1,0
78062.5,1,0
78075,1,0
78087.5,1,0
78100,1,0
78112.5,1,0
78125,1,0
78137.5,1,0
78150,1,0
78162.5,1,0
78175,1,0
78187.5,1,0
78200,1,0
78212.5,1,0
78225,1,0
78237.5,1,0
78250,1,0
78262.5,1,0
78275,1,0
78287.5,1,0
78300,-1,0
78312.5,-1,0
78325,-1,0
78337.5,-1,0
78350,-1,0
78362.5,-1,0
78375,-1,0
78387.5,-1,0
78400,1,0
78412.5,1,0
78425,1,0
78437.5,1,0
78450,-1,0
78462.5,-1,0
78475,-1,0
78487.5,-1,0
78500,-1,0
78512.5,-1,0
78525,-1,0
78537.5,-1,0
78550,1,0
78562.5,1,0
78575,1,0
78587.5,1,0
78600,1,0
78612.5,1,0
78625,1,0
78637.5,1,0
78650,1,0
78662.5,1,0
78675,1,0
78687.5,1,0
78700,1,0
78712.5,1,0
78725,1,0
78737.5,1,0
78750,1,0
78762.5,1,0
78775,1,0
78787.5,1,0
78800,1,0
78812.5,1,0
78825,1,0
78837.5,1,0
78850,1,0
78862.5,1,0
78875,1,0
78887.5,1,0
78900,1,0
78912.5,1,0
78925,1,0
78937.5,1,0
78950,1,0
78962.5,1,0
78975,1,0
78987.5,1,0
79000,-1,0
79012.5,-1,0
79025,-1,0
79037.5,-1,0
79050,-1,0
79062.5,-1,0
79075,-1,0
79087.5,-1,0
79100,-1,0
79112.5,-1,0
79125,-1,0
79137.5,-1,0
79150,-1,0
79162.5,-1,0
79175,-1,0
79187.5,-1,0
79200,-1,0
79212.5,-1,0
79225,-1,0
79237.5,-1,0
79250,1,0
79262.5,1,0
79275,1,0
79287.5,1,0
79300,1,0
79312.5,1,0
79325,1,0
79337.5,1,0
79350,-1,0
79362.5,-1,0
79375,-1,0
79387.5,-1,0
79400,1,0
79412.5,1,0
79425,1,0
79437.5,1,0
79450,-1,0
79462.5,-1,0
79475,-1,0
79487.5,-1,0
79500,-1,0
79512.5,-1,0
79525,-1,0
79537.5,-1,0
79550,-1,0
79562.5,-1,0
79575,-1,0
79587.5,-1,0
79600,1,0
79612.5,1,0
79625,1,0
79637.5,1,0
79650,1,0
79662.5,1,0
79675,1,0
79687.5,1,0
79700,1,0
79712.5,1,0
79725,1,0
79737.5,1,0
79750,-1,0
79762.5,-1,0
79775,-1,0
79787.5,-1,0
79800,-1,0
79812.5,-1,0
79825,-1,0
79837.5,-1,0
79850,1,0
79862.5,1,0
79875,1,0
79887.5,1,0
79900,-1,0
79912.5,-1,0
79925,-1,0
79937.5,-1,0
79950,-1,0
79962.5,-1,0
79975,-1,0
79987.5,-1,0
80000,-1,0
80012.5,-1,0
80025,-1,0
80037.5,-1,0
80050,-1,0
80062.5,-1,0
80075,-1,0
80087.5,-1,0
80100,1,0
80112.5,1,0
80125,1,0
80137.5,1,0
80150,-1,0
80162.5,-1,0
80175,-1,0
80187.5,-1,0
80200,1,0
80212.5,1,0
80225,1,0
80237.5,1,0
80250,1,0
80262.5,1,0
80275,1,0
80287.5,1,0
80300,-1,0
80312.5,-1,0
80325,-1,0
80337.5,-1,0
80350,1,0
80362.5,1,0
80375,1,0
80387.5,1,0
80400,-1,0
80412.5,-1,0
80425,-1,0
80437.5,-1,0
80450,1,0
80462.5,1,0
80475,1,0
80487.5,1,0
80500,1,0
80512.5,1,0
80525,1,0
80537.5,1,0
80550,-1,0
80562.5,-1,0
80575,-1,0
80587.5,-1,0
80600,-1,0
80612.5,-1,0
80625,-1,0
80637.5,-1,0
80650,1,0
80662.5,1,0
80675,1,0
80687.5,1,0
80700,-1,0
80712.5,-1,0
80725,-1,0
80737.5,-1,0
80750,1,0
80762.5,1,0
80775,1,0
80787.5,1,0
80800,-1,0
80812.5,-1,0
80825,-1,0
80837.5,-1,0
80850,1,0
80862.5,1,0
80875,1,0
80887.5,1,0
80900,-1,0
80912.5,-1,0
80925,-1,0
80937.5,-1,0
80950,-1,0
80962.5,-1,0
80975,-1,0
80987.5,-1,0
81000,1,0
81012.5,1,0
81025,1,0
81037.5,1,0
81050,1,0
81062.5,1,0
81075,1,0
81087.5,1,0
81100,1,0
81112.5,1,0
81125,1,0
81137.5,1,0
81150,1,0
81162.5,1,0
81175,1,0
81187.5,1,0
81200,1,0
81212.5,1,0
81225,1,0
81237.5,1,0
81250,-1,0
81262.5,-1,0
81275,-1,0
81287.5,-1,0
81300,-1,0
81312.5,-1,0
81325,-1,0
81337.5,-1,0
81350,-1,0
81362.5,-1,0
81375,-1,0
81387.5,-1,0
81400,-1,0
81412.5,-1,0
81425,-1,0
81437.5,-1,0
81450,1,0
81462.5,1,0
81475,1,0
81487.5,1,0
81500,-1,0
81512.5,-1,0
81525,-1,0
81537.5,-1,0
81550,-1,0
81562.5,-1,0
81575,-1,0
81587.5,-1,0
81600,1,0
81612.5,1,0
81625,1,0
81637.5,1,0
81650,-1,0
81662.5,-1,0
81675,-1,0
81687.5,-1,0
81700,-1,0
81712.5,-1,0
81725,-1,0
81737.5,-1,0
81750,-1,0
81762.5,-1,0
81775,-1,0
81787.5,-1,0
81800,1,0
81812.5,1,0
81825,1,0
81837.5,1,0
81850,1,0
81862.5,1,0
81875,1,0
81887.5,1,0
81900,-1,0
81912.5,-1,0
81925,-1,0
81937.5,-1,0
81950,-1,0
81962.5,-1,0
81975,-1,0
81987.5,-1,0
82000,1,0
82012.5,1,0
82025,1,0
82037.5,1,0
82050,-1,0
82062.5,-1,0
82075,-1,0
82087.5,-1,0
82100,1,0
82112.5,1,0
82125,1,0
82137.5,1,0
82150,-1,0
82162.5,-1,0
82175,-1,0
82187.5,-1,0
82200,1,0
82212.5,1,0
82225,1,0
82237.5,1,0
82250,1,0
82262.5,1,0
82275,1,0
82287.5,1,0
82300,-1,0
82312.5,-1,0
82325,-1,0
82337.5,-1,0
82350,-1,0
82362.5,-1,0
82375,-1,0
82387.5,-1,0
82400,1,0
82412.5,1,0
82425,1,0
82437.5,1,0
82450,-1,0
82462.5,-1,0
82475,-1,0
82487.5,-1,0
82500,-1,0
82512.5,-1,0
82525,-1,0
82537.5,-1,0
82550,-1,0
82562.5,-1,0
82575,-1,0
82587.5,-1,0
82600,-1,0
82612.5,-1,0
82625,-1,0
82637.5,-1,0
82650,-1,0
82662.5,-1,0
82675,-1,0
82687.5,-1,0
82700,1,0
82712.5,1,0
82725,1,0
82737.5,1,0
82750,-1,0
82762.5,-1,0
82775,-1,0
82787.5,-1,0
82800,-1,0
82812.5,-1,0
82825,-1,0
82837.5,-1,0
82850,1,0
82862.5,1,0
82875,1,0
82887.5,1,0
82900,1,0
82912.5,1,0
82925,1,0
82937.5,1,0
82950,-1,0
82962.5,-1,0
82975,-1,0
82987.5,-1,0
83000,-1,0
83012.5,-1,0
83025,-1,0
83037.5,-1,0
83050,1,0
83062.5,1,0
83075,1,0
83087.5,1,0
83100,1,0
83112.5,1,0
83125,1,0
83137.5,1,0
83150,1,0
83162.5,1,0
83175,1,0
83187.5,1,0
83200,-1,0
83212.5,-1,0
83225,-1,0
83237.5,-1,0
83250,-1,0
83262.5,-1,0
83275,-1,0
83287.5,-1,0
83300,1,0
83312.5,1,0
83325,1,0
83337.5,1,0
83350,-1,0
83362.5,-1,0
83375,-1,0
83387.5,-1,0
83400,-1,0
83412.5,-1,0
83425,-1,0
83437.5,-1,0
83450,1,0
83462.5,1,0
83475,1,0
83487.5,1,0
83500,-1,0
83512.5,-1,0
83525,-1,0
83537.5,-1,0
83550,-1,0
83562.5,-1,0
83575,-1,0
83587.5,-1,0
83600,-1,0
83612.5,-1,0
83625,-1,0
83637.5,-1,0
83650,-1,0
83662.5,-1,0
83675,-1,0
83687.5,-1,0
83700,-1,0
83712.5,-1,0
83725,-1,0
83737.5,-1,0
83750,1,0
83762.5,1,0
83775,1,0
83787.5,1,0
83800,1,0
83812.5,1,0
83825,1,0
83837.5,1,0
83850,-1,0
83862.5,-1,0
83875,-1,0
83887.5,-1,0
83900,-1,0
83912.5,-1,0
83925,-1,0
83937.5,-1,0
83950,1,0
83962.5,1,0
83975,1,0
83987.5,1,0
84000,1,0
84012.5,1,0
84025,1,0
84037.5,1,0
84050,1,0
84062.5,1,0
84075,1,0
84087.5,1,0
84100,-1,0
84112.5,-1,0
84125,-1,0
84137.5,-1,0
84150,1,0
84162.5,1,0
84175,1,0
84187.5,1,0
84200,1,0
84212.5,1,0
84225,1,0
84237.5,1,0
84250,1,0
84262.5,1,0
84275,1,0
84287.5,1,0
84300,-1,0
84312.5,-1,0
84325,-1,0
84337.5,-1,0
84350,-1,0
84362.5,-1,0
84375,-1,0
84387.5,-1,0
84400,1,0
84412.5,1,0
84425,1,0
84437.5,1,0
84450,1,0
84462.5,1,0
84475,1,0
84487.5,1,0
84500,-1,0
84512.5,-1,0
84525,-1,0
84537.5,-1,0
84550,-1,0
84562.5,-1,0
84575,-1,0
84587.5,-1,0
84600,1,0
84612.5,1,0
84625,1,0
84637.5,1,0
84650,1,0
84662.5,1,0
84675,1,0
84687.5,1,0
84700,-1,0
84712.5,-1,0
84725,-1,0
84737.5,-1,0
84750,1,0
84762.5,1,0
84775,1,0
84787.5,1,0
84800,1,0
84812.5,1,0
84825,1,0
84837.5,1,0
84850,-1,0
84862.5,-1,0
84875,-1,0
84887.5,-1,0
84900,1,0
84912.5,1,0
84925,1,0
84937.5,1,0
84950,-1,0
84962.5,-1,0
84975,-1,0
84987.5,-1,0
85000,1,0
85012.5,1,0
85025,1,0
85037.5,1,0
85050,1,0
85062.5,1,0
85075,1,0
85087.5,1,0
85100,-1,0
85112.5,-1,0
85125,-1,0
85137.5,-1,0
85150,1,0
85162.5,1,0
85175,1,0
85187.5,1,0
85200,1,0
85212.5,1,0
85225,1,0
85237.5,1,0
85250,1,0
85262.5,1,0
85275,1,0
85287.5,1,0
85300,1,0
85312.5,1,0
85325,1,0
85337.5,1,0
85350,1,0
85362.5,1,0
85375,1,0
85387.5,1,0
85400,-1,0
85412.5,-1,0
85425,-1,0
85437.5,-1,0
85450,1,0
85462.5,1,0
85475,1,0
85487.5,1,0
85500,-1,0
85512.5,-1,0
85525,-1,0
85537.5,-1,0
85550,1,0
85562.5,1,0
85575,1,0
85587.5,1,0
85600,-1,0
85612.5,-1,0
85625,-1,0
85637.5,-1,0
85650,1,0
85662.5,1,0
85675,1,0
85687.5,1,0
85700,-1,0
85712.5,-1,0
85725,-1,0
85737.5,-1,0
85750,-1,0
85762.5,-1,0
85775,-1,0
85787.5,-1,0
85800,1,0
85812.5,1,0
85825,1,0
85837.5,1,0
85850,1,0
85862.5,1,0
85875,1,0
85887.5,1,0
85900,-1,0
85912.5,-1,0
85925,-1,0
85937.5,-1,0
85950,1,0
85962.5,1,0
85975,1,0
85987.5,1,0
86000,-1,0
86012.5,-1,0
86025,-1,0
86037.5,-1,0
86050,-1,0
86062.5,-1,0
86075,-1,0
86087.5,-1,0
86100,1,0
86112.5,1,0
86125,1,0
86137.5,1,0
86150,1,0
86162.5,1,0
86175,1,0
86187.5,1,0
86200,1,0
86212.5,1,0
86225,1,0
86237.5,1,0
86250,1,0
86262.5,1,0
86275,1,0
86287.5,1,0
86300,-1,0
86312.5,-1,0
86325,-1,0
86337.5,-1,0
86350,1,0
86362.5,1,0
86375,1,0
86387.5,1,0
86400,1,0
86412.5,1,0
86425,1,0
86437.5,1,0
86450,1,0
86462.5,1,0
86475,1,0
86487.5,1,0
86500,1,0
86512.5,1,0
86525,1,0
86537.5,1,0
86550,1,0
86562.5,1,0
86575,1,0
86587.5,1,0
86600,-1,0
86612.5,-1,0
86625,-1,0
86637.5,-1,0
86650,1,0
86662.5,1,0
86675,1,0
86687.5,1,0
86700,1,0
86712.5,1,0
86725,1,0
86737.5,1,0
86750,1,0
86762.5,1,0
86775,1,0
86787.5,1,0
86800,1,0
86812.5,1,0
86825,1,0
86837.5,1,0
86850,1,0
86862.5,1,0
86875,1,0
86887.5,1,0
86900,1,0
86912.5,1,0
86925,1,0
86937.5,1,0
86950,1,0
86962.5,1,0
86975,1,0
86987.5,1,0
87000,-1,0
87012.5,-1,0
87025,-1,0
87037.5,-1,0
87050,1,0
87062.5,1,0
87075,1,0
87087.5,1,0
87100,-1,0
87112.5,-1,0
87125,-1,0
87137.5,-1,0
87150,-1,0
87162.5,-1,0
87175,-1,0
87187.5,-1,0
87200,-1,0
87212.5,-1,0
87225,-1,0
87237.5,-1,0
87250,1,0
87262.5,1,0
87275,1,0
87287.5,1,0
87300,-1,0
87312.5,-1,0
87325,-1,0
87337.5,-1,0
87350,-1,0
87362.5,-1,0
87375,-1,0
87387.5,-1,0
87400,-1,0
87412.5,-1,0
87425,-1,0
87437.5,-1,0
87450,1,0
87462.5,1,0
87475,1,0
87487.5,1,0
87500,1,0
87512.5,1,0
87525,1,0
87537.5,1,0
87550,-1,0
87562.5,-1,0
87575,-1,0
87587.5,-1,0
87600,1,0
87612.5,1,0
87625,1,0
87637.5,1,0
87650,-1,0
87662.5,-1,0
87675,-1,0
87687.5,-1,0
87700,1,0
87712.5,1,0
87725,1,0
87737.5,1,0
87750,-1,0
87762.5,-1,0
87775,-1,0
87787.5,-1,0
87800,1,0
87812.5,1,0
87825,1,0
87837.5,1,0
87850,1,0
87862.5,1,0
87875,1,0
87887.5,1,0
87900,1,0
87912.5,1,0
87925,1,0
87937.5,1,0
87950,1,0
87962.5,1,0
87975,1,0
87987.5,1,0
88000,-1,0
88012.5,-1,0
88025,-1,0
88037.5,-1,0
88050,-1,0
88062.5,-1,0
88075,-1,0
88087.5,-1,0
88100,1,0
88112.5,1,0
88125,1,0
88137.5,1,0
88150,1,0
88162.5,1,0
88175,1,0
88187.5,1,0
88200,-1,0
88212.5,-1,0
88225,-1,0
88237.5,-1,0
88250,-1,0
88262.5,-1,0
88275,-1,0
88287.5,-1,0
88300,-1,0
88312.5,-1,0
88325,-1,0
88337.5,-1,0
88350,-1,0
88362.5,-1,0
88375,-1,0
88387.5,-1,0
88400,1,0
88412.5,1,0
88425,1,0
88437.5,1,0
88450,-1,0
88462.5,-1,0
88475,-1,0
88487.5,-1,0
88500,-1,0
88512.5,-1,0
88525,-1,0
88537.5,-1,0
88550,-1,0
88562.5,-1,0
88575,-1,0
88587.5,-1,0
88600,1,0
88612.5,1,0
88625,1,0
88637.5,1,0
88650,1,0
88662.5,1,0
88675,1,0
88687.5,1,0
88700,1,0
88712.5,1,0
88725,1,0
88737.5,1,0
88750,-1,0
88762.5,-1,0
88775,-1,0
88787.5,-1,0
88800,1,0
88812.5,1,0
88825,1,0
88837.5,1,0
88850,-1,0
88862.5,-1,0
88875,-1,0
88887.5,-1,0
88900,1,0
88912.5,1,0
88925,1,0
88937.5,1,0
88950,1,0
88962.5,1,0
88975,1,0
88987.5,1,0
89000,1,0
89012.5,1,0
89025,1,0
89037.5,1,0
89050,-1,0
89062.5,-1,0
89075,-1,0
89087.5,-1,0
89100,1,0
89112.5,1,0
89125,1,0
89137.5,1,0
89150,1,0
89162.5,1,0
89175,1,0
89187.5,1,0
89200,1,0
89212.5,1,0
89225,1,0
89237.5,1,0
89250,-1,0
89262.5,-1,0
89275,-1,0
89287.5,-1,0
89300,1,0
89312.5,1,0
89325,1,0
89337.5,1,0
89350,-1,0
89362.5,-1,0
89375,-1,0
89387.5,-1,0
89400,-1,0
89412.5,-1,0
89425,-1,0
89437.5,-1,0
89450,1,0
89462.5,1,0
89475,1,0
89487.5,1,0
89500,1,0
89512.5,1,0
89525,1,0
89537.5,1,0
89550,1,0
89562.5,1,0
89575,1,0
89587.5,1,0
89600,1,0
89612.5,1,0
89625,1,0
89637.5,1,0
89650,1,0
89662.5,1,0
89675,1,0
89687.5,1,0
89700,1,0
89712.5,1,0
89725,1,0
89737.5,1,0
89750,-1,0
89762.5,-1,0
89775,-1,0
89787.5,-1,0
89800,1,0
89812.5,1,0
89825,1,0
89837.5,1,0
89850,-1,0
89862.5,-1,0
89875,-1,0
89887.5,-1,0
89900,-1,0
89912.5,-1,0
89925,-1,0
89937.5,-1,0
89950,1,0
89962.5,1,0
89975,1,0
89987.5,1,0
90000,1,0
90012.5,1,0
90025,1,0
90037.5,1,0
90050,1,0
90062.5,1,0
90075,1,0
90087.5,1,0
90100,-1,0
90112.5,-1,0
90125,-1,0
90137.5,-1,0
90150,1,0
90162.5,1,0
90175,1,0
90187.5,1,0
90200,-1,0
90212.5,-1,0
90225,-1,0
90237.5,-1,0
90250,-1,0
90262.5,-1,0
90275,-1,0
90287.5,-1,0
90300,-1,0
90312.5,-1,0
90325,-1,0
90337.5,-1,0
90350,1,0
90362.5,1,0
90375,1,0
90387.5,1,0
90400,1,0
90412.5,1,0
90425,1,0
90437.5,1,0
90450,1,0
90462.5,1,0
90475,1,0
90487.5,1,0
90500,1,0
90512.5,1,0
90525,1,0
90537.5,1,0
90550,-1,0
90562.5,-1,0
90575,-1,0
90587.5,-1,0
90600,-1,0
90612.5,-1,0
90625,-1,0
90637.5,-1,0
90650,-1,0
90662.5,-1,0
90675,-1,0
90687.5,-1,0
90700,1,0
90712.5,1,0
90725,1,0
90737.5,1,0
90750,1,0
90762.5,1,0
90775,1,0
90787.5,1,0
90800,1,0
90812.5,1,0
90825,1,0
90837.5,1,0
90850,1,0
90862.5,1,0
90875,1,0
90887.5,1,0
90900,-1,0
90912.5,-1,0
90925,-1,0
90937.5,-1,0
90950,-1,0
90962.5,-1,0
90975,-1,0
90987.5,-1,0
91000,1,0
91012.5,1,0
91025,1,0
91037.5,1,0
91050,1,0
91062.5,1,0
91075,1,0
91087.5,1,0
91100,-1,0
91112.5,-1,0
91125,-1,0
91137.5,-1,0
91150,1,0
91162.5,1,0
91175,1,0
91187.5,1,0
91200,-1,0
91212.5,-1,0
91225,-1,0
91237.5,-1,0
91250,1,0
91262.5,1,0
91275,1,0
91287.5,1,0
91300,1,0
91312.5,1,0
91325,1,0
91337.5,1,0
91350,1,0
91362.5,1,0
91375,1,0
91387.5,1,0
91400,1,0
91412.5,1,0
91425,1,0
91437.5,1,0
91450,1,0
91462.5,1,0
91475,1,0
91487.5,1,0
91500,1,0
91512.5,1,0
91525,1,0
91537.5,1,0
91550,1,0
91562.5,1,0
91575,1,0
91587.5,1,0
91600,-1,0
91612.5,-1,0
91625,-1,0
91637.5,-1,0
91650,-1,0
91662.5,-1,0
91675,-1,0
91687.5,-1,0
91700,-1,0
91712.5,-1,0
91725,-1,0
91737.5,-1,0
91750,1,0
91762.5,1,0
91775,1,0
91787.5,1,0
91800,-1,0
91812.5,-1,0
91825,-1,0
91837.5,-1,0
91850,-1,0
91862.5,-1,0
91875,-1,0
91887.5,-1,0
91900,1,0
91912.5,1,0
91925,1,0
91937.5,1,0
91950,1,0
91962.5,1,0
91975,1,0
91987.5,1,0
92000,-1,0
92012.5,-1,0
92025,-1,0
92037.5,-1,0
92050,1,0
92062.5,1,0
92075,1,0
92087.5,1,0
92100,-1,0
92112.5,-1,0
92125,-1,0
92137.5,-1,0
92150,-1,0
92162.5,-1,0
92175,-1,0
92187.5,-1,0
92200,-1,0
92212.5,-1,0
92225,-1,0
92237.5,-1,0
92250,1,0
92262.5,1,0
92275,1,0
92287.5,1,0
92300,-1,0
92312.5,-1,0
92325,-1,0
92337.5,-1,0
92350,1,0
92362.5,1,0
92375,1,0
92387.5,1,0
92400,1,0
92412.5,1,0
92425,1,0
92437.5,1,0
92450,-1,0
92462.5,-1,0
92475,-1,0
92487.5,-1,0
92500,-1,0
92512.5,-1,0
92525,-1,0
92537.5,-1,0
92550,1,0
92562.5,1,0
92575,1,0
92587.5,1,0
92600,1,0
92612.5,1,0
92625,1,0
92637.5,1,0
92650,-1,0
92662.5,-1,0
92675,-1,0
92687.5,-1,0
92700,-1,0
92712.5,-1,0
92725,-1,0
92737.5,-1,0
92750,-1,0
92762.5,-1,0
92775,-1,0
92787.5,-1,0
92800,-1,0
92812.5,-1,0
92825,-1,0
92837.5,-1,0
92850,-1,0
92862.5,-1,0
92875,-1,0
92887.5,-1,0
92900,-1,0
92912.5,-1,0
92925,-1,0
92937.5,-1,0
92950,1,0
92962.5,1,0
92975,1,0
92987.5,1,0
93000,-1,0
93012.5,-1,0
93025,-1,0
93037.5,-1,0
93050,-1,0
93062.5,-1,0
93075,-1,0
93087.5,-1,0
93100,-1,0
93112.5,-1,0
93125,-1,0
93137.5,-1,0
93150,-1,0
93162.5,-1,0
93175,-1,0
93187.5,-1,0
93200,-1,0
93212.5,-1,0
93225,-1,0
93237.5,-1,0
93250,1,0
93262.5,1,0
93275,1,0
93287.5,1,0
93300,1,0
93312.5,1,0
93325,1,0
93337.5,1,0
93350,1,0
93362.5,1,0
93375,1,0
93387.5,1,0
93400,-1,0
93412.5,-1,0
93425,-1,0
93437.5,-1,0
93450,-1,0
93462.5,-1,0
93475,-1,0
93487.5,-1,0
93500,1,0
93512.5,1,0
93525,1,0
93537.5,1,0
93550,-1,0
93562.5,-1,0
93575,-1,0
93587.5,-1,0
93600,1,0
93612.5,1,0
93625,1,0
93637.5,1,0
93650,-1,0
93662.5,-1,0
93675,-1,0
93687.5,-1,0
93700,1,0
93712.5,1,0
93725,1,0
93737.5,1,0
93750,1,0
93762.5,1,0
93775,1,0
93787.5,1,0
93800,1,0
93812.5,1,0
93825,1,0
93837.5,1,0
93850,-1,0
93862.5,-1,0
93875,-1,0
93887.5,-1,0
93900,-1,0
93912.5,-1,0
93925,-1,0
93937.5,-1,0
93950,-1,0
93962.5,-1,0
93975,-1,0
93987.5,-1,0
94000,1,0
94012.5,1,0
94025,1,0
94037.5,1,0
94050,1,0
94062.5,1,0
94075,1,0
94087.5,1,0
94100,1,0
94112.5,1,0
94125,1,0
94137.5,1,0
94150,-1,0
94162.5,-1,0
94175,-1,0
94187.5,-1,0
94200,1,0
94212.5,1,0
94225,1,0
94237.5,1,0
94250,1,0
94262.5,1,0
94275,1,0
94287.5,1,0
94300,-1,0
94312.5,-1,0
94325,-1,0
94337.5,-1,0
94350,-1,0
94362.5,-1,0
94375,-1,0
94387.5,-1,0
94400,-1,0
94412.5,-1,0
94425,-1,0
94437.5,-1,0
94450,1,0
94462.5,1,0
94475,1,0
94487.5,1,0
94500,1,0
94512.5,1,0
94525,1,0
94537.5,1,0
94550,1,0
94562.5,1,0
94575,1,0
94587.5,1,0
94600,-1,0
94612.5,-1,0
94625,-1,0
94637.5,-1,0
94650,-1,0
94662.5,-1,0
94675,-1,0
94687.5,-1,0
94700,-1,0
94712.5,-1,0
94725,-1,0
94737.5,-1,0
94750,1,0
94762.5,1,0
94775,1,0
94787.5,1,0
94800,1,0
94812.5,1,0
94825,1,0
94837.5,1,0
94850,1,0
94862.5,1,0
94875,1,0
94887.5,1,0
94900,1,0
94912.5,1,0
94925,1,0
94937.5,1,0
94950,1,0
94962.5,1,0
94975,1,0
94987.5,1,0
95000,-1,0
95012.5,-1,0
95025,-1,0
95037.5,-1,0
95050,-1,0
95062.5,-1,0
95075,-1,0
95087.5,-1,0
95100,1,0
95112.5,1,0
95125,1,0
95137.5,1,0
95150,1,0
95162.5,1,0
95175,1,0
95187.5,1,0
95200,-1,0
95212.5,-1,0
95225,-1,0
95237.5,-1,0
95250,1,0
95262.5,1,0
95275,1,0
95287.5,1,0
95300,1,0
95312.5,1,0
95325,1,0
95337.5,1,0
95350,1,0
95362.5,1,0
95375,1,0
95387.5,1,0
95400,-1,0
95412.5,-1,0
95425,-1,0
95437.5,-1,0
95450,1,0
95462.5,1,0
95475,1,0
95487.5,1,0
95500,-1,0
95512.5,-1,0
95525,-1,0
95537.5,-1,0
95550,-1,0
95562.5,-1,0
95575,-1,0
95587.5,-1,0
95600,-1,0
95612.5,-1,0
95625,-1,0
95637.5,-1,0
95650,1,0
95662.5,1,0
95675,1,0
95687.5,1,0
95700,-1,0
95712.5,-1,0
95725,-1,0
95737.5,-1,0
95750,1,0
95762.5,1,0
95775,1,0
95787.5,1,0
95800,-1,0
95812.5,-1,0
95825,-1,0
95837.5,-1,0
95850,-1,0
95862.5,-1,0
95875,-1,0
95887.5,-1,0
95900,1,0
95912.5,1,0
95925,1,0
95937.5,1,0
95950,1,0
95962.5,1,0
95975,1,0
95987.5,1,0
96000,-1,0
96012.5,-1,0
96025,-1,0
96037.5,-1,0
96050,1,0
96062.5,1,0
96075,1,0
96087.5,1,0
96100,1,0
96112.5,1,0
96125,1,0
96137.5,1,0
96150,-1,0
96162.5,-1,0
96175,-1,0
96187.5,-1,0
96200,-1,0
96212.5,-1,0
96225,-1,0
96237.5,-1,0
96250,1,0
96262.5,1,0
96275,1,0
96287.5,1,0
96300,-1,0
96312.5,-1,0
96325,-1,0
96337.5,-1,0
96350,-1,0
96362.5,-1,0
96375,-1,0
96387.5,-1,0
96400,1,0
96412.5,1,0
96425,1,0
96437.5,1,0
96450,1,0
96462.5,1,0
96475,1,0
96487.5,1,0
96500,1,0
96512.5,1,0
96525,1,0
96537.5,1,0
96550,-1,0
96562.5,-1,0
96575,-1,0
96587.5,-1,0
96600,1,0
96612.5,1,0
96625,1,0
96637.5,1,0
96650,-1,0
96662.5,-1,0
96675,-1,0
96687.5,-1,0
96700,1,0
96712.5,1,0
96725,1,0
96737.5,1,0
96750,-1,0
96762.5,-1,0
96775,-1,0
96787.5,-1,0
96800,-1,0
96812.5,-1,0
96825,-1,0
96837.5,-1,0
96850,1,0
96862.5,1,0
96875,1,0
96887.5,1,0
96900,-1,0
96912.5,-1,0
96925,-1,0
96937.5,-1,0
96950,-1,0
96962.5,-1,0
96975,-1,0
96987.5,-1,0
97000,1,0
97012.5,1,0
97025,1,0
97037.5,1,0
97050,-1,0
97062.5,-1,0
97075,-1,0
97087.5,-1,0
97100,-1,0
97112.5,-1,0
97125,-1,0
97137.5,-1,0
97150,-1,0
97162.5,-1,0
97175,-1,0
97187.5,-1,0
97200,1,0
97212.5,1,0
97225,1,0
97237.5,1,0
97250,-1,0
97262.5,-1,0
97275,-1,0
97287.5,-1,0
97300,-1,0
97312.5,-1,0
97325,-1,0
97337.5,-1,0
97350,1,0
97362.5,1,0
97375,1,0
97387.5,1,0
97400,1,0
97412.5,1,0
97425,1,0
97437.5,1,0
97450,1,0
97462.5,1,0
97475,1,0
97487.5,1,0
97500,-1,0
97512.5,-1,0
97525,-1,0
97537.5,-1,0
97550,1,0
97562.5,1,0
97575,1,0
97587.5,1,0
97600,1,0
97612.5,1,0
97625,1,0
97637.5,1,0
97650,1,0
97662.5,1,0
97675,1,0
97687.5,1,0
97700,1,0
97712.5,1,0
97725,1,0
97737.5,1,0
97750,-1,0
97762.5,-1,0
97775,-1,0
97787.5,-1,0
97800,-1,0
97812.5,-1,0
97825,-1,0
97837.5,-1,0
97850,1,0
97862.5,1,0
97875,1,0
97887.5,1,0
97900,1,0
97912.5,1,0
97925,1,0
97937.5,1,0
97950,1,0
97962.5,1,0
97975,1,0
97987.5,1,0
98000,-1,0
98012.5,-1,0
98025,-1,0
98037.5,-1,0
98050,1,0
98062.5,1,0
98075,1,0
98087.5,1,0
98100,-1,0
98112.5,-1,0
98125,-1,0
98137.5,-1,0
98150,-1,0
98162.5,-1,0
98175,-1,0
98187.5,-1,0
98200,1,0
98212.5,1,0
98225,1,0
98237.5,1,0
98250,1,0
98262.5,1,0
98275,1,0
98287.5,1,0
98300,-1,0
98312.5,-1,0
98325,-1,0
98337.5,-1,0
98350,1,0
98362.5,1,0
98375,1,0
98387.5,1,0
98400,-1,0
98412.5,-1,0
98425,-1,0
98437.5,-1,0
98450,1,0
98462.5,1,0
98475,1,0
98487.5,1,0
98500,1,0
98512.5,1,0
98525,1,0
98537.5,1,0
98550,-1,0
98562.5,-1,0
98575,-1,0
98587.5,-1,0
98600,1,0
98612.5,1,0
98625,1,0
98637.5,1,0
98650,-1,0
98662.5,-1,0
98675,-1,0
98687.5,-1,0
98700,1,0
98712.5,1,0
98725,1,0
98737.5,1,0
98750,-1,0
98762.5,-1,0
98775,-1,0
98787.5,-1,0
98800,1,0
98812.5,1,0
98825,1,0
98837.5,1,0
98850,1,0
98862.5,1,0
98875,1,0
98887.5,1,0
98900,-1,0
98912.5,-1,0
98925,-1,0
98937.5,-1,0
98950,1,0
98962.5,1,0
98975,1,0
98987.5,1,0
99000,1,0
99012.5,1,0
99025,1,0
99037.5,1,0
99050,-1,0
99062.5,-1,0
99075,-1,0
99087.5,-1,0
99100,-1,0
99112.5,-1,0
99125,-1,0
99137.5,-1,0
99150,-1,0
99162.5,-1,0
99175,-1,0
99187.5,-1,0
99200,1,0
99212.5,1,0
99225,1,0
99237.5,1,0
99250,-1,0
99262.5,-1,0
99275,-1,0
99287.5,-1,0
99300,-1,0
99312.5,-1,0
99325,-1,0
99337.5,-1,0
99350,1,0
99362.5,1,0
99375,1,0
99387.5,1,0
99400,1,0
99412.5,1,0
99425,1,0
99437.5,1,0
99450,1,0
99462.5,1,0
99475,1,0
99487.5,1,0
99500,1,0
99512.5,1,0
99525,1,0
99537.5,1,0
99550,1,0
99562.5,1,0
99575,1,0
99587.5,1,0
99600,-1,0
99612.5,-1,0
99625,-1,0
99637.5,-1,0
99650,1,0
99662.5,1,0
99675,1,0
99687.5,1,0
99700,-1,0
99712.5,-1,0
99725,-1,0
99737.5,-1,0
99750,1,0
99762.5,1,0
99775,1,0
99787.5,1,0
99800,1,0
99812.5,1,0
99825,1,0
99837.5,1,0
99850,1,0
99862.5,1,0
99875,1,0
99887.5,1,0
99900,1,0
99912.5,1,0
99925,1,0
99937.5,1,0
99950,-1,0
99962.5,-1,0
99975,-1,0
99987.5,-1,0
100000,-1,0
100012.5,-1,0
100025,-1,0
100037.5,-1,0
100050,-1,0
100062.5,-1,0
100075,-1,0
100087.5,-1,0
100100,1,0
100112.5,1,0
100125,1,0
100137.5,1,0
100150,1,0
100162.5,1,0
100175,1,0
100187.5,1,0
100200,-1,0
100212.5,-1,0
100225,-1,0
100237.5,-1,0
100250,1,0
100262.5,1,0
100275,1,0
100287.5,1,0
100300,1,0
100312.5,1,0
100325,1,0
100337.5,1,0
100350,-1,0
100362.5,-1,0
100375,-1,0
100387.5,-1,0
100400,-1,0
100412.5,-1,0
100425,-1,0
100437.5,-1,0
100450,-1,0
100462.5,-1,0
100475,-1,0
100487.5,-1,0
100500,1,0
100512.5,1,0
100525,1,0
100537.5,1,0
100550,1,0
100562.5,1,0
100575,1,0
100587.5,1,0
100600,-1,0
100612.5,-1,0
100625,-1,0
100637.5,-1,0
100650,-1,0
100662.5,-1,0
100675,-1,0
100687.5,-1,0
100700,1,0
100712.5,1,0
100725,1,0
100737.5,1,0
100750,-1,0
100762.5,-1,0
100775,-1,0
100787.5,-1,0
100800,-1,0
100812.5,-1,0
100825,-1,0
100837.5,-1,0
100850,-1,0
100862.5,-1,0
100875,-1,0
100887.5,-1,0
100900,-1,0
100912.5,-1,0
100925,-1,0
100937.5,-1,0
100950,1,0
100962.5,1,0
100975,1,0
100987.5,1,0
101000,1,0
101012.5,1,0
101025,1,0
101037.5,1,0
101050,1,0
101062.5,1,0
101075,1,0
101087.5,1,0
101100,-1,0
101112.5,-1,0
101125,-1,0
101137.5,-1,0
101150,-1,0
101162.5,-1,0
101175,-1,0
101187.5,-1,0
101200,-1,0
101212.5,-1,0
101225,-1,0
101237.5,-1,0
101250,1,0
101262.5,1,0
101275,1,0
101287.5,1,0
101300,-1,0
101312.5,-1,0
101325,-1,0
101337.5,-1,0
101350,1,0
101362.5,1,0
101375,1,0
101387.5,1,0
101400,-1,0
101412.5,-1,0
101425,-1,0
101437.5,-1,0
101450,1,0
101462.5,1,0
101475,1,0
101487.5,1,0
101500,1,0
101512.5,1,0
101525,1,0
101537.5,1,0
101550,1,0
101562.5,1,0
101575,1,0
101587.5,1,0
101600,-1,0
101612.5,-1,0
101625,-1,0
101637.5,-1,0
101650,1,0
101662.5,1,0
101675,1,0
101687.5,1,0
101700,-1,0
101712.5,-1,0
101725,-1,0
101737.5,-1,0
101750,-1,0
101762.5,-1,0
101775,-1,0
101787.5,-1,0
101800,1,0
101812.5,1,0
101825,1,0
101837.5,1,0
101850,-1,0
101862.5,-1,0
101875,-1,0
101887.5,-1,0
101900,1,0
101912.5,1,0
101925,1,0
101937.5,1,0
101950,-1,0
101962.5,-1,0
101975,-1,0
101987.5,-1,0
102000,1,0
102012.5,1,0
102025,1,0
102037.5,1,0
102050,-1,0
102062.5,-1,0
102075,-1,0
102087.5,-1,0
102100,1,0
102112.5,1,0
102125,1,0
102137.5,1,0
102150,-1,0
102162.5,-1,0
102175,-1,0
102187.5,-1,0
102200,-1,0
102212.5,-1,0
102225,-1,0
102237.5,-1,0
102250,-1,0
102262.5,-1,0
102275,-1,0
102287.5,-1,0
102300,-1,0
102312.5,-1,0
102325,-1,0
102337.5,-1,0
